rank,buy_threshold,sell_threshold,confidence_margin,combined_return_percent,average_drawdown_percent,objective_score,total_trades
1,0.6,0.4,0.0,-0.07157798000000185,0.1366195833299672,-0.10573287583249365,3
2,0.6,0.35,0.0,-0.0836858600000036,0.12065655707119774,-0.11384999926780304,3
3,0.6,0.35,0.025,-0.19529413999998943,0.24302921344062717,-0.25605144336014624,3
4,0.55,0.4,0.0,-0.20914801519999748,0.33410662500195,-0.292674671450485,8
5,0.55,0.35,0.0,-0.22695019519999626,0.31814219817260775,-0.3064857447431482,8
6,0.6,0.4,0.05,-0.24640297999999022,0.36798058633298325,-0.33839812658323604,3
7,0.6,0.45,0.0,-0.24640297999999022,0.36798058633298325,-0.33839812658323604,3
8,0.6,0.45,0.025,-0.24640297999999022,0.36798058633298325,-0.33839812658323604,3
9,0.6,0.45,0.05,-0.24640297999999022,0.36798058633298325,-0.33839812658323604,3
10,0.6,0.35,0.05,-0.2963329999999958,0.3520175600742138,-0.3843373900185493,3
11,0.6,0.4,0.025,-0.29531402000000234,0.36798058633298325,-0.38730916658324815,3
12,0.55,0.35,0.025,-0.34469233519998377,0.44359646356635024,-0.45559145109157134,8
13,0.6,0.35,0.075,-0.3894134263999993,0.4928750645026124,-0.5126321925256524,3
14,0.6,0.35,0.1,-0.3894134263999993,0.4928750645026124,-0.5126321925256524,3
15,0.6,0.4,0.075,-0.3894134263999993,0.4928750645026124,-0.5126321925256524,3
16,0.6,0.4,0.1,-0.3894134263999993,0.4928750645026124,-0.5126321925256524,3
17,0.6,0.45,0.075,-0.3894134263999993,0.4928750645026124,-0.5126321925256524,3
18,0.6,0.45,0.1,-0.3894134263999993,0.4928750645026124,-0.5126321925256524,3
19,0.6,0.5,0.0,-0.3894134263999993,0.4928750645026124,-0.5126321925256524,3
20,0.6,0.5,0.025,-0.3894134263999993,0.4928750645026124,-0.5126321925256524,3
21,0.6,0.5,0.05,-0.3894134263999993,0.4928750645026124,-0.5126321925256524,3
22,0.6,0.5,0.075,-0.3894134263999993,0.4928750645026124,-0.5126321925256524,3
23,0.6,0.5,0.1,-0.3894134263999993,0.4928750645026124,-0.5126321925256524,3
24,0.6,0.55,0.0,-0.3894134263999993,0.4928750645026124,-0.5126321925256524,3
25,0.6,0.55,0.025,-0.3894134263999993,0.4928750645026124,-0.5126321925256524,3
26,0.6,0.55,0.05,-0.3894134263999993,0.4928750645026124,-0.5126321925256524,3
27,0.6,0.55,0.075,-0.3894134263999993,0.4928750645026124,-0.5126321925256524,3
28,0.6,0.55,0.1,-0.3894134263999993,0.4928750645026124,-0.5126321925256524,3
29,0.6,0.6,0.0,-0.3894134263999993,0.4928750645026124,-0.5126321925256524,3
30,0.6,0.6,0.025,-0.3894134263999993,0.4928750645026124,-0.5126321925256524,3
31,0.6,0.6,0.05,-0.3894134263999993,0.4928750645026124,-0.5126321925256524,3
32,0.6,0.6,0.075,-0.3894134263999993,0.4928750645026124,-0.5126321925256524,3
33,0.6,0.6,0.1,-0.3894134263999993,0.4928750645026124,-0.5126321925256524,3
34,0.55,0.45,0.0,-0.353243775199994,0.6643807401581384,-0.5193389602395286,8
35,0.55,0.4,0.05,-0.565128168799996,0.8133846371944358,-0.7684743280986048,8
36,0.55,0.35,0.05,-0.6207524887999984,0.7974202103650935,-0.8201075413912718,8
37,0.55,0.45,0.025,-0.5958773887999937,0.907014353758141,-0.822630977239529,8
38,0.55,0.45,0.05,-0.5958773887999937,0.907014353758141,-0.822630977239529,8
39,0.55,0.4,0.025,-0.6666865087999962,0.808087703569065,-0.8687084346922624,8
40,0.55,0.35,0.1,-0.5989678951999987,1.2391587405854856,-0.9087575803463701,8
41,0.55,0.4,0.1,-0.5989678951999987,1.2391587405854856,-0.9087575803463701,8
42,0.55,0.45,0.1,-0.5989678951999987,1.2391587405854856,-0.9087575803463701,8
43,0.55,0.45,0.075,-0.6299768551999936,1.2394414936261489,-0.9398372286065309,8
44,0.5,0.35,0.0,-0.6990348523999913,1.1534750975449497,-0.9874036267862287,46
45,0.5,0.35,0.025,-0.5834059731999994,1.6684368526825755,-1.0005151863706434,45
46,0.55,0.5,0.0,-0.7353561703999992,1.3049921768954778,-1.0616042146238687,8
47,0.55,0.5,0.025,-0.7353561703999992,1.3049921768954778,-1.0616042146238687,8
48,0.55,0.5,0.05,-0.7353561703999992,1.3049921768954778,-1.0616042146238687,8
49,0.55,0.5,0.075,-0.7353561703999992,1.3049921768954778,-1.0616042146238687,8
50,0.55,0.5,0.1,-0.7353561703999992,1.3049921768954778,-1.0616042146238687,8
51,0.55,0.55,0.0,-0.7353561703999992,1.3049921768954778,-1.0616042146238687,8
52,0.55,0.55,0.025,-0.7353561703999992,1.3049921768954778,-1.0616042146238687,8
53,0.55,0.55,0.05,-0.7353561703999992,1.3049921768954778,-1.0616042146238687,8
54,0.55,0.55,0.075,-0.7353561703999992,1.3049921768954778,-1.0616042146238687,8
55,0.55,0.55,0.1,-0.7353561703999992,1.3049921768954778,-1.0616042146238687,8
56,0.55,0.6,0.0,-0.7353561703999992,1.3049921768954778,-1.0616042146238687,8
57,0.55,0.6,0.025,-0.7353561703999992,1.3049921768954778,-1.0616042146238687,8
58,0.55,0.6,0.05,-0.7353561703999992,1.3049921768954778,-1.0616042146238687,8
59,0.55,0.6,0.075,-0.7353561703999992,1.3049921768954778,-1.0616042146238687,8
60,0.55,0.6,0.1,-0.7353561703999992,1.3049921768954778,-1.0616042146238687,8
61,0.35,0.35,0.1,-0.282384717600001,3.6429130572399444,-1.193112981909987,30
62,0.35,0.4,0.1,-0.282384717600001,3.6429130572399444,-1.193112981909987,30
63,0.35,0.45,0.1,-0.282384717600001,3.6429130572399444,-1.193112981909987,30
64,0.4,0.35,0.1,-0.282384717600001,3.6429130572399444,-1.193112981909987,30
65,0.4,0.4,0.1,-0.282384717600001,3.6429130572399444,-1.193112981909987,30
66,0.4,0.45,0.1,-0.282384717600001,3.6429130572399444,-1.193112981909987,30
67,0.45,0.35,0.1,-0.282384717600001,3.6429130572399444,-1.193112981909987,30
68,0.45,0.4,0.1,-0.282384717600001,3.6429130572399444,-1.193112981909987,30
69,0.45,0.45,0.1,-0.282384717600001,3.6429130572399444,-1.193112981909987,30
70,0.5,0.4,0.0,-0.8558661924000014,1.3522300856235432,-1.1939237138058871,46
71,0.55,0.35,0.075,-0.9370894351999973,1.1673307212580393,-1.2289221155145071,8
72,0.55,0.4,0.075,-0.9370894351999973,1.1673307212580393,-1.2289221155145071,8
73,0.5,0.5,0.1,-0.6004912699999986,2.9241405949819814,-1.331526418745494,25
74,0.5,0.55,0.1,-0.7107369140000083,3.0338953091452128,-1.4692107412863114,25
75,0.5,0.6,0.1,-0.7107369140000083,3.0338953091452128,-1.4692107412863114,25
76,0.5,0.4,0.025,-0.9681367372000008,2.067279189306633,-1.484956534526659,45
77,0.5,0.5,0.0,-0.7502930795999943,3.3367709458810397,-1.5844858160702542,30
78,0.5,0.5,0.025,-0.7502930795999943,3.3367709458810397,-1.5844858160702542,30
79,0.5,0.5,0.05,-0.7502930795999943,3.3367709458810397,-1.5844858160702542,30
80,0.5,0.35,0.1,-0.8998868640000117,2.8835671605166575,-1.6207786541291762,27
81,0.5,0.4,0.1,-0.8998868640000117,2.8835671605166575,-1.6207786541291762,27
82,0.5,0.45,0.1,-0.8998868640000117,2.8835671605166575,-1.6207786541291762,27
83,0.5,0.35,0.05,-1.0760640528000076,2.680897443391492,-1.7462884136478807,41
84,0.35,0.5,0.1,-0.7680895591999987,3.9880547128637374,-1.765103237415933,29
85,0.4,0.5,0.1,-0.7680895591999987,3.9880547128637374,-1.765103237415933,29
86,0.45,0.5,0.1,-0.7680895591999987,3.9880547128637374,-1.765103237415933,29
87,0.5,0.4,0.05,-1.1242558128000004,2.612656582769335,-1.777419958492334,41
88,0.5,0.45,0.0,-1.2714879007999902,2.2722334651635006,-1.8395462670908653,43
89,0.5,0.45,0.075,-1.1834527187999804,3.184072156965332,-1.9794707580413133,33
90,0.5,0.45,0.05,-1.3036859815999866,2.7115197874433123,-1.9815659284608147,38
91,0.35,0.55,0.1,-0.9616310139999957,4.1594322819038725,-2.001489084475964,29
92,0.4,0.55,0.1,-0.9616310139999957,4.1594322819038725,-2.001489084475964,29
93,0.45,0.55,0.1,-0.9616310139999957,4.1594322819038725,-2.001489084475964,29
94,0.5,0.5,0.075,-1.1444971336000018,3.466026478069252,-2.011003753117315,30
95,0.35,0.6,0.1,-1.033706066800002,4.22988464543168,-2.091177228157922,29
96,0.4,0.6,0.1,-1.033706066800002,4.22988464543168,-2.091177228157922,29
97,0.45,0.6,0.1,-1.033706066800002,4.22988464543168,-2.091177228157922,29
98,0.5,0.45,0.025,-1.4858309108000016,2.9159677340899037,-2.2148228443224776,40
99,0.5,0.55,0.075,-1.3342871535999934,3.654911678770354,-2.248015073292582,30
100,0.5,0.6,0.075,-1.3342871535999934,3.654911678770354,-2.248015073292582,30
101,0.5,0.55,0.0,-1.3203624396000058,3.9024205831696883,-2.295967585392428,30
102,0.5,0.55,0.025,-1.3203624396000058,3.9024205831696883,-2.295967585392428,30
103,0.5,0.55,0.05,-1.3203624396000058,3.9024205831696883,-2.295967585392428,30
104,0.5,0.6,0.0,-1.3203624396000058,3.9024205831696883,-2.295967585392428,30
105,0.5,0.6,0.025,-1.3203624396000058,3.9024205831696883,-2.295967585392428,30
106,0.5,0.6,0.05,-1.3203624396000058,3.9024205831696883,-2.295967585392428,30
107,0.5,0.4,0.075,-1.5112046387999785,3.184072156965332,-2.3072226780413114,33
108,0.5,0.35,0.075,-1.5211147187999798,3.184072156965332,-2.317132758041313,33
109,0.45,0.4,0.075,-1.598974748999963,4.821433196928352,-2.804333048232051,45
110,0.45,0.35,0.075,-1.6085751389999756,4.821433196928352,-2.8139334382320635,45
111,0.45,0.45,0.075,-1.6324998689999686,4.821433196928352,-2.8378581682320565,44
112,0.35,0.4,0.075,-1.8187595633999794,5.189230615218348,-3.1160672172045665,48
113,0.4,0.4,0.075,-1.8187595633999794,5.189230615218348,-3.1160672172045665,48
114,0.35,0.35,0.075,-1.828359953399969,5.189230615218348,-3.125667607204556,48
115,0.4,0.35,0.075,-1.828359953399969,5.189230615218348,-3.125667607204556,48
116,0.45,0.35,0.025,-2.083568348400015,4.2323947411381875,-3.141667033684562,158
117,0.35,0.45,0.075,-1.852284683399985,5.189230615218348,-3.149592337204572,47
118,0.4,0.45,0.075,-1.852284683399985,5.189230615218348,-3.149592337204572,47
119,0.45,0.35,0.0,-2.438945614000014,3.91449992718393,-3.417570595795996,211
120,0.45,0.5,0.075,-2.173349512599991,5.272409350390751,-3.4914518501976786,40
121,0.35,0.5,0.075,-2.1923707065999976,5.451660278390732,-3.555285776197681,41
122,0.4,0.5,0.075,-2.1923707065999976,5.451660278390732,-3.555285776197681,41
123,0.45,0.55,0.075,-2.4765675792000024,5.5557954531620615,-3.8655164424905175,40
124,0.35,0.55,0.075,-2.4521119174000106,5.706557067088771,-3.878751184172203,41
125,0.4,0.55,0.075,-2.4521119174000106,5.706557067088771,-3.878751184172203,41
126,0.45,0.4,0.0,-2.8418933248000218,4.438953968612771,-3.9516318169532143,205
127,0.45,0.4,0.025,-2.7331608240000205,4.882402503757657,-3.9537614499394347,150
128,0.45,0.6,0.075,-2.5486426319999853,5.626247816689869,-3.9552045861724525,40
129,0.35,0.6,0.075,-2.524186970199994,5.7770094306165785,-3.9684393278541386,41
130,0.4,0.6,0.075,-2.524186970199994,5.7770094306165785,-3.9684393278541386,41
131,0.35,0.35,0.05,-3.0876769020000006,6.223913046212311,-4.6436551635530785,101
132,0.4,0.35,0.025,-3.35734314019999,5.573374764628157,-4.750686831357029,237
133,0.35,0.4,0.05,-3.2937390876000046,6.256090558101636,-4.857761727125414,99
134,0.4,0.4,0.025,-3.3783284786000034,6.006475537290855,-4.879947362922717,206
135,0.35,0.5,0.05,-3.2462490735999774,6.715270853808039,-4.925066787051987,51
136,0.45,0.5,0.05,-3.2788171692000003,6.652980290177025,-4.942062241744257,51
137,0.4,0.35,0.05,-3.3646441892000145,6.613880512375369,-5.018114317293857,101
138,0.4,0.5,0.05,-3.3810820313999894,6.873794167599646,-5.0995305732999014,52
139,0.45,0.35,0.05,-3.491236574400007,6.448406568822563,-5.103338216605648,92
140,0.45,0.4,0.05,-3.5200324800000056,6.383219889505016,-5.11583745237626,91
141,0.35,0.55,0.05,-3.426269061999978,6.872581525329926,-5.14441444333246,50
142,0.45,0.55,0.05,-3.471527549999999,6.841900187655926,-5.18200259691398,50
143,0.35,0.45,0.05,-3.622682803199987,6.400511642154974,-5.222810713738731,77
144,0.35,0.6,0.05,-3.498344114799984,6.943033888857732,-5.2341025870144176,50
145,0.4,0.4,0.05,-3.5742231272000122,6.64689828152194,-5.235947697580498,99
146,0.45,0.45,0.05,-3.6925480131999935,6.288160910270952,-5.264588240767732,69
147,0.45,0.6,0.05,-3.5618543227999933,6.91135086251,-5.289692038427493,50
148,0.4,0.55,0.05,-3.5431902865999843,7.013486162943792,-5.296561827335932,51
149,0.4,0.6,0.05,-3.6152653393999907,7.0839385264716,-5.386249971017891,51
150,0.45,0.45,0.0,-3.7395285000000036,6.689871745986681,-5.411996436496674,124
151,0.4,0.45,0.05,-3.855507923200005,6.565152798171015,-5.496796122742759,77
152,0.45,0.5,0.025,-3.734965047399979,7.084408632150707,-5.506067205437656,52
153,0.45,0.5,0.0,-3.7518776069999786,7.101200575875966,-5.527177750968971,53
154,0.35,0.4,0.025,-3.9259499354000202,6.5671591461144345,-5.567739721928628,227
155,0.45,0.45,0.025,-4.013441392800003,6.7792017054078695,-5.70824181915197,102
156,0.4,0.5,0.025,-3.9019160979999814,7.320602120289562,-5.732066628072372,54
157,0.45,0.55,0.025,-3.9217545581999933,7.26743220617157,-5.738612609742885,51
158,0.45,0.55,0.0,-3.944587987799989,7.290120473354866,-5.767118106138706,52
159,0.35,0.35,0.025,-4.224138107599982,6.396155942081999,-5.823177093120482,268
160,0.45,0.6,0.025,-3.9938296109999993,7.337884569699376,-5.828300753424843,51
161,0.35,0.5,0.025,-4.001047310799989,7.41847327330588,-5.8556656291264595,55
162,0.45,0.6,0.0,-4.016663040599984,7.360572836882673,-5.856806249820652,52
163,0.4,0.5,0.0,-4.000914115599997,7.44545101132465,-5.8622768684311595,56
164,0.4,0.55,0.025,-4.045772633199987,7.461295804307437,-5.911096584276846,53
165,0.4,0.55,0.0,-4.070455223599996,7.513559848890776,-5.94884518582269,54
166,0.4,0.6,0.025,-4.117847685999982,7.531748167835245,-6.000784727958793,53
167,0.35,0.55,0.025,-4.159083055999992,7.573068584469543,-6.052350202117378,54
168,0.4,0.6,0.0,-4.167987583599996,7.590026351555227,-6.065494171488803,54
169,0.35,0.5,0.0,-4.180728445599997,7.614408552849421,-6.084330583812353,58
170,0.35,0.6,0.025,-4.231158108799986,7.64352094799735,-6.142038345799323,54
171,0.35,0.6,0.0,-4.265128752399993,7.697060006652876,-6.189393754063212,55
172,0.35,0.55,0.0,-4.280715920400002,7.7122809963626535,-6.208786169490666,56
173,0.35,0.45,0.025,-4.490881823799993,7.5318484065536495,-6.373843925438405,117
174,0.4,0.45,0.025,-4.668060585199995,7.395592103843602,-6.516958611160895,118
175,0.4,0.35,0.0,-5.211229585000023,6.640585733729379,-6.871376018432368,482
176,0.35,0.45,0.0,-4.952627213000017,7.970850906531498,-6.945339939632892,156
177,0.4,0.4,0.0,-5.2263123054000085,6.997961838036081,-6.975802764909028,397
178,0.4,0.45,0.0,-5.139349326000002,7.839941553934966,-7.099334714483744,153
179,0.35,0.4,0.0,-6.924621336600032,8.633989945260941,-9.083118822915267,458
180,0.35,0.35,0.0,-8.070254562400002,9.040987267225287,-10.330501379206325,697
