entry_time,exit_time,entry_price,exit_price,quantity,entry_cost,exit_cost,net_profit_loss,exit_reason
2026-05-04T04:00:00+00:00,2026-05-04T04:30:00+00:00,2456.4,2463.3,10,24.564,24.633,19.803,SELL_SIGNAL
2026-05-12T04:00:00+00:00,2026-05-12T04:15:00+00:00,2315.7,2311.5,10,23.157,23.115,-88.272,SELL_SIGNAL
2026-05-14T04:00:00+00:00,2026-05-14T04:30:00+00:00,2255.8,2230.7,11,24.8138,24.5377,-325.4515,SELL_SIGNAL
2026-05-19T04:00:00+00:00,2026-05-19T04:30:00+00:00,2352.5,2348.6,10,23.525,23.486,-86.011,SELL_SIGNAL
2026-05-29T09:45:00+00:00,2026-06-01T04:00:00+00:00,2253.5,2302.2,11,24.7885,25.3242,485.5873,SELL_SIGNAL
2026-06-01T05:15:00+00:00,2026-06-01T05:30:00+00:00,2302.9,2313.0,10,23.029,23.13,54.841,SELL_SIGNAL
2026-06-03T04:00:00+00:00,2026-06-03T04:15:00+00:00,2305.0,2284.3,10,23.05,22.843,-252.893,SELL_SIGNAL
2026-06-19T04:00:00+00:00,2026-06-19T04:15:00+00:00,2069.0,2074.5,12,24.828,24.894,16.278,SELL_SIGNAL
2026-06-30T04:00:00+00:00,2026-06-30T04:30:00+00:00,2063.7,2050.2,12,24.7644,24.6024,-211.3668,SELL_SIGNAL
2026-07-09T04:00:00+00:00,2026-07-09T04:15:00+00:00,2027.3,2038.4,12,24.3276,24.4608,84.4116,SELL_SIGNAL
2026-07-10T04:00:00+00:00,2026-07-10T09:00:00+00:00,2088.3,2074.6,11,22.9713,22.8206,-196.4919,SELL_SIGNAL
2026-07-13T06:30:00+00:00,2026-07-13T09:00:00+00:00,2187.8,2181.6,11,24.0658,23.9976,-116.2634,SELL_SIGNAL
2026-07-31T04:00:00+00:00,2026-07-31T04:15:00+00:00,2349.8,2357.2,10,23.498,23.572,26.93,SELL_SIGNAL
2026-08-12T05:30:00+00:00,2026-08-12T06:00:00+00:00,2345.4,2343.5,10,23.454,23.435,-65.889,SELL_SIGNAL
2026-08-19T04:00:00+00:00,2026-08-19T06:00:00+00:00,2288.3,2276.8,10,22.883,22.768,-160.651,SELL_SIGNAL
2026-08-25T04:00:00+00:00,2026-08-25T04:45:00+00:00,2276.0,2276.0,10,22.76,22.76,-45.52,SELL_SIGNAL
