timestamp,equity
2026-04-21T05:30:00+00:00,100000.0
2026-04-21T05:45:00+00:00,100000.0
2026-04-21T06:00:00+00:00,100000.0
2026-04-21T06:15:00+00:00,100000.0
2026-04-21T06:30:00+00:00,100000.0
2026-04-21T06:45:00+00:00,100000.0
2026-04-21T07:00:00+00:00,100000.0
2026-04-21T07:15:00+00:00,100000.0
2026-04-21T07:30:00+00:00,100000.0
2026-04-21T07:45:00+00:00,100000.0
2026-04-21T08:00:00+00:00,100000.0
2026-04-21T08:15:00+00:00,100000.0
2026-04-21T08:30:00+00:00,100000.0
2026-04-21T08:45:00+00:00,100000.0
2026-04-21T09:00:00+00:00,100000.0
2026-04-21T09:15:00+00:00,100000.0
2026-04-21T09:30:00+00:00,100000.0
2026-04-21T09:45:00+00:00,100000.0
2026-04-22T03:45:00+00:00,100000.0
2026-04-22T04:00:00+00:00,100000.0
2026-04-22T04:15:00+00:00,100000.0
2026-04-22T04:30:00+00:00,100000.0
2026-04-22T04:45:00+00:00,100000.0
2026-04-22T05:00:00+00:00,100000.0
2026-04-22T05:15:00+00:00,100000.0
2026-04-22T05:30:00+00:00,100000.0
2026-04-22T05:45:00+00:00,100000.0
2026-04-22T06:00:00+00:00,100000.0
2026-04-22T06:15:00+00:00,100000.0
2026-04-22T06:30:00+00:00,100000.0
2026-04-22T06:45:00+00:00,100000.0
2026-04-22T07:00:00+00:00,100000.0
2026-04-22T07:15:00+00:00,100000.0
2026-04-22T07:30:00+00:00,100000.0
2026-04-22T07:45:00+00:00,100000.0
2026-04-22T08:00:00+00:00,100000.0
2026-04-22T08:15:00+00:00,100000.0
2026-04-22T08:30:00+00:00,100000.0
2026-04-22T08:45:00+00:00,100000.0
2026-04-22T09:00:00+00:00,100000.0
2026-04-22T09:15:00+00:00,100000.0
2026-04-22T09:30:00+00:00,100000.0
2026-04-22T09:45:00+00:00,100000.0
2026-04-23T03:45:00+00:00,100000.0
2026-04-23T04:00:00+00:00,100000.0
2026-04-23T04:15:00+00:00,100000.0
2026-04-23T04:30:00+00:00,100000.0
2026-04-23T04:45:00+00:00,100000.0
2026-04-23T05:00:00+00:00,100000.0
2026-04-23T05:15:00+00:00,100000.0
2026-04-23T05:30:00+00:00,100000.0
2026-04-23T05:45:00+00:00,100000.0
2026-04-23T06:00:00+00:00,100000.0
2026-04-23T06:15:00+00:00,100000.0
2026-04-23T06:30:00+00:00,100000.0
2026-04-23T06:45:00+00:00,100000.0
2026-04-23T07:00:00+00:00,100000.0
2026-04-23T07:15:00+00:00,100000.0
2026-04-23T07:30:00+00:00,100000.0
2026-04-23T07:45:00+00:00,100000.0
2026-04-23T08:00:00+00:00,100000.0
2026-04-23T08:15:00+00:00,100000.0
2026-04-23T08:30:00+00:00,100000.0
2026-04-23T08:45:00+00:00,100000.0
2026-04-23T09:00:00+00:00,100000.0
2026-04-23T09:15:00+00:00,100000.0
2026-04-23T09:30:00+00:00,100000.0
2026-04-23T09:45:00+00:00,100000.0
2026-04-24T03:45:00+00:00,100000.0
2026-04-24T04:00:00+00:00,100000.0
2026-04-24T04:15:00+00:00,100000.0
2026-04-24T04:30:00+00:00,100000.0
2026-04-24T04:45:00+00:00,100000.0
2026-04-24T05:00:00+00:00,100000.0
2026-04-24T05:15:00+00:00,100000.0
2026-04-24T05:30:00+00:00,100000.0
2026-04-24T05:45:00+00:00,100000.0
2026-04-24T06:00:00+00:00,100000.0
2026-04-24T06:15:00+00:00,100000.0
2026-04-24T06:30:00+00:00,100000.0
2026-04-24T06:45:00+00:00,100000.0
2026-04-24T07:00:00+00:00,100000.0
2026-04-24T07:15:00+00:00,100000.0
2026-04-24T07:30:00+00:00,100000.0
2026-04-24T07:45:00+00:00,100000.0
2026-04-24T08:00:00+00:00,100000.0
2026-04-24T08:15:00+00:00,100000.0
2026-04-24T08:30:00+00:00,100000.0
2026-04-24T08:45:00+00:00,100000.0
2026-04-24T09:00:00+00:00,100000.0
2026-04-24T09:15:00+00:00,100000.0
2026-04-24T09:30:00+00:00,100000.0
2026-04-24T09:45:00+00:00,100000.0
2026-04-27T03:45:00+00:00,100000.0
2026-04-27T04:00:00+00:00,100000.0
2026-04-27T04:15:00+00:00,100000.0
2026-04-27T04:30:00+00:00,100000.0
2026-04-27T04:45:00+00:00,100000.0
2026-04-27T05:00:00+00:00,100000.0
2026-04-27T05:15:00+00:00,100000.0
2026-04-27T05:30:00+00:00,100000.0
2026-04-27T05:45:00+00:00,100000.0
2026-04-27T06:00:00+00:00,100000.0
2026-04-27T06:15:00+00:00,100000.0
2026-04-27T06:30:00+00:00,100000.0
2026-04-27T06:45:00+00:00,100000.0
2026-04-27T07:00:00+00:00,100000.0
2026-04-27T07:15:00+00:00,100000.0
2026-04-27T07:30:00+00:00,100000.0
2026-04-27T07:45:00+00:00,100000.0
2026-04-27T08:00:00+00:00,100000.0
2026-04-27T08:15:00+00:00,100000.0
2026-04-27T08:30:00+00:00,100000.0
2026-04-27T08:45:00+00:00,100000.0
2026-04-27T09:00:00+00:00,100000.0
2026-04-27T09:15:00+00:00,100000.0
2026-04-27T09:30:00+00:00,100000.0
2026-04-27T09:45:00+00:00,100000.0
2026-04-28T03:45:00+00:00,100000.0
2026-04-28T04:00:00+00:00,100000.0
2026-04-28T04:15:00+00:00,100000.0
2026-04-28T04:30:00+00:00,100000.0
2026-04-28T04:45:00+00:00,100000.0
2026-04-28T05:00:00+00:00,100000.0
2026-04-28T05:15:00+00:00,100000.0
2026-04-28T05:30:00+00:00,100000.0
2026-04-28T05:45:00+00:00,100000.0
2026-04-28T06:00:00+00:00,100000.0
2026-04-28T06:15:00+00:00,100000.0
2026-04-28T06:30:00+00:00,100000.0
2026-04-28T06:45:00+00:00,100000.0
2026-04-28T07:00:00+00:00,100000.0
2026-04-28T07:15:00+00:00,100000.0
2026-04-28T07:30:00+00:00,100000.0
2026-04-28T07:45:00+00:00,100000.0
2026-04-28T08:00:00+00:00,100000.0
2026-04-28T08:15:00+00:00,100000.0
2026-04-28T08:30:00+00:00,100000.0
2026-04-28T08:45:00+00:00,100000.0
2026-04-28T09:00:00+00:00,100000.0
2026-04-28T09:15:00+00:00,100000.0
2026-04-28T09:30:00+00:00,100000.0
2026-04-28T09:45:00+00:00,100000.0
2026-04-29T03:45:00+00:00,100000.0
2026-04-29T04:00:00+00:00,100000.0
2026-04-29T04:15:00+00:00,100000.0
2026-04-29T04:30:00+00:00,100000.0
2026-04-29T04:45:00+00:00,100000.0
2026-04-29T05:00:00+00:00,100000.0
2026-04-29T05:15:00+00:00,100000.0
2026-04-29T05:30:00+00:00,100000.0
2026-04-29T05:45:00+00:00,100000.0
2026-04-29T06:00:00+00:00,100000.0
2026-04-29T06:15:00+00:00,100000.0
2026-04-29T06:30:00+00:00,100000.0
2026-04-29T06:45:00+00:00,100000.0
2026-04-29T07:00:00+00:00,100000.0
2026-04-29T07:15:00+00:00,100000.0
2026-04-29T07:30:00+00:00,100000.0
2026-04-29T07:45:00+00:00,100000.0
2026-04-29T08:00:00+00:00,100000.0
2026-04-29T08:15:00+00:00,100000.0
2026-04-29T08:30:00+00:00,100000.0
2026-04-29T08:45:00+00:00,100000.0
2026-04-29T09:00:00+00:00,100000.0
2026-04-29T09:15:00+00:00,100000.0
2026-04-29T09:30:00+00:00,100000.0
2026-04-29T09:45:00+00:00,100000.0
2026-04-30T03:45:00+00:00,100000.0
2026-04-30T04:00:00+00:00,100000.0
2026-04-30T04:15:00+00:00,100000.0
2026-04-30T04:30:00+00:00,100000.0
2026-04-30T04:45:00+00:00,100000.0
2026-04-30T05:00:00+00:00,100000.0
2026-04-30T05:15:00+00:00,100000.0
2026-04-30T05:30:00+00:00,100000.0
2026-04-30T05:45:00+00:00,100000.0
2026-04-30T06:00:00+00:00,100000.0
2026-04-30T06:15:00+00:00,100000.0
2026-04-30T06:30:00+00:00,100000.0
2026-04-30T06:45:00+00:00,100000.0
2026-04-30T07:00:00+00:00,100000.0
2026-04-30T07:15:00+00:00,100000.0
2026-04-30T07:30:00+00:00,100000.0
2026-04-30T07:45:00+00:00,100000.0
2026-04-30T08:00:00+00:00,100000.0
2026-04-30T08:15:00+00:00,100000.0
2026-04-30T08:30:00+00:00,100000.0
2026-04-30T08:45:00+00:00,100000.0
2026-04-30T09:00:00+00:00,100000.0
2026-04-30T09:15:00+00:00,100000.0
2026-04-30T09:30:00+00:00,100000.0
2026-04-30T09:45:00+00:00,100000.0
2026-05-04T03:45:00+00:00,100000.0
2026-05-04T04:00:00+00:00,100051.436
2026-05-04T04:15:00+00:00,100044.436
2026-05-04T04:30:00+00:00,100019.803
2026-05-04T04:45:00+00:00,100019.803
2026-05-04T05:00:00+00:00,100019.803
2026-05-04T05:15:00+00:00,100019.803
2026-05-04T05:30:00+00:00,100019.803
2026-05-04T05:45:00+00:00,100019.803
2026-05-04T06:00:00+00:00,100019.803
2026-05-04T06:15:00+00:00,100019.803
2026-05-04T06:30:00+00:00,100019.803
2026-05-04T06:45:00+00:00,100019.803
2026-05-04T07:00:00+00:00,100019.803
2026-05-04T07:15:00+00:00,100019.803
2026-05-04T07:30:00+00:00,100019.803
2026-05-04T07:45:00+00:00,100019.803
2026-05-04T08:00:00+00:00,100019.803
2026-05-04T08:15:00+00:00,100019.803
2026-05-04T08:30:00+00:00,100019.803
2026-05-04T08:45:00+00:00,100019.803
2026-05-04T09:00:00+00:00,100019.803
2026-05-04T09:15:00+00:00,100019.803
2026-05-04T09:30:00+00:00,100019.803
2026-05-04T09:45:00+00:00,100019.803
2026-05-05T03:45:00+00:00,100019.803
2026-05-05T04:00:00+00:00,100019.803
2026-05-05T04:15:00+00:00,100019.803
2026-05-05T04:30:00+00:00,100019.803
2026-05-05T04:45:00+00:00,100019.803
2026-05-05T05:00:00+00:00,100019.803
2026-05-05T05:15:00+00:00,100019.803
2026-05-05T05:30:00+00:00,100019.803
2026-05-05T05:45:00+00:00,100019.803
2026-05-05T06:00:00+00:00,100019.803
2026-05-05T06:15:00+00:00,100019.803
2026-05-05T06:30:00+00:00,100019.803
2026-05-05T06:45:00+00:00,100019.803
2026-05-05T07:00:00+00:00,100019.803
2026-05-05T07:15:00+00:00,100019.803
2026-05-05T07:30:00+00:00,100019.803
2026-05-05T07:45:00+00:00,100019.803
2026-05-05T08:00:00+00:00,100019.803
2026-05-05T08:15:00+00:00,100019.803
2026-05-05T08:30:00+00:00,100019.803
2026-05-05T08:45:00+00:00,100019.803
2026-05-05T09:00:00+00:00,100019.803
2026-05-05T09:15:00+00:00,100019.803
2026-05-05T09:30:00+00:00,100019.803
2026-05-05T09:45:00+00:00,100019.803
2026-05-06T03:45:00+00:00,100019.803
2026-05-06T04:00:00+00:00,100019.803
2026-05-06T04:15:00+00:00,100019.803
2026-05-06T04:30:00+00:00,100019.803
2026-05-06T04:45:00+00:00,100019.803
2026-05-06T05:00:00+00:00,100019.803
2026-05-06T05:15:00+00:00,100019.803
2026-05-06T05:30:00+00:00,100019.803
2026-05-06T05:45:00+00:00,100019.803
2026-05-06T06:00:00+00:00,100019.803
2026-05-06T06:15:00+00:00,100019.803
2026-05-06T06:30:00+00:00,100019.803
2026-05-06T06:45:00+00:00,100019.803
2026-05-06T07:00:00+00:00,100019.803
2026-05-06T07:15:00+00:00,100019.803
2026-05-06T07:30:00+00:00,100019.803
2026-05-06T07:45:00+00:00,100019.803
2026-05-06T08:00:00+00:00,100019.803
2026-05-06T08:15:00+00:00,100019.803
2026-05-06T08:30:00+00:00,100019.803
2026-05-06T08:45:00+00:00,100019.803
2026-05-06T09:00:00+00:00,100019.803
2026-05-06T09:15:00+00:00,100019.803
2026-05-06T09:30:00+00:00,100019.803
2026-05-06T09:45:00+00:00,100019.803
2026-05-07T03:45:00+00:00,100019.803
2026-05-07T04:00:00+00:00,100019.803
2026-05-07T04:15:00+00:00,100019.803
2026-05-07T04:30:00+00:00,100019.803
2026-05-07T04:45:00+00:00,100019.803
2026-05-07T05:00:00+00:00,100019.803
2026-05-07T05:15:00+00:00,100019.803
2026-05-07T05:30:00+00:00,100019.803
2026-05-07T05:45:00+00:00,100019.803
2026-05-07T06:00:00+00:00,100019.803
2026-05-07T06:15:00+00:00,100019.803
2026-05-07T06:30:00+00:00,100019.803
2026-05-07T06:45:00+00:00,100019.803
2026-05-07T07:00:00+00:00,100019.803
2026-05-07T07:15:00+00:00,100019.803
2026-05-07T07:30:00+00:00,100019.803
2026-05-07T07:45:00+00:00,100019.803
2026-05-07T08:00:00+00:00,100019.803
2026-05-07T08:15:00+00:00,100019.803
2026-05-07T08:30:00+00:00,100019.803
2026-05-07T08:45:00+00:00,100019.803
2026-05-07T09:00:00+00:00,100019.803
2026-05-07T09:15:00+00:00,100019.803
2026-05-07T09:30:00+00:00,100019.803
2026-05-07T09:45:00+00:00,100019.803
2026-05-08T03:45:00+00:00,100019.803
2026-05-08T04:00:00+00:00,100019.803
2026-05-08T04:15:00+00:00,100019.803
2026-05-08T04:30:00+00:00,100019.803
2026-05-08T04:45:00+00:00,100019.803
2026-05-08T05:00:00+00:00,100019.803
2026-05-08T05:15:00+00:00,100019.803
2026-05-08T05:30:00+00:00,100019.803
2026-05-08T05:45:00+00:00,100019.803
2026-05-08T06:00:00+00:00,100019.803
2026-05-08T06:15:00+00:00,100019.803
2026-05-08T06:30:00+00:00,100019.803
2026-05-08T06:45:00+00:00,100019.803
2026-05-08T07:00:00+00:00,100019.803
2026-05-08T07:15:00+00:00,100019.803
2026-05-08T07:30:00+00:00,100019.803
2026-05-08T07:45:00+00:00,100019.803
2026-05-08T08:00:00+00:00,100019.803
2026-05-08T08:15:00+00:00,100019.803
2026-05-08T08:30:00+00:00,100019.803
2026-05-08T08:45:00+00:00,100019.803
2026-05-08T09:00:00+00:00,100019.803
2026-05-08T09:15:00+00:00,100019.803
2026-05-08T09:30:00+00:00,100019.803
2026-05-08T09:45:00+00:00,100019.803
2026-05-11T03:45:00+00:00,100019.803
2026-05-11T04:00:00+00:00,100019.803
2026-05-11T04:15:00+00:00,100019.803
2026-05-11T04:30:00+00:00,100019.803
2026-05-11T04:45:00+00:00,100019.803
2026-05-11T05:00:00+00:00,100019.803
2026-05-11T05:15:00+00:00,100019.803
2026-05-11T05:30:00+00:00,100019.803
2026-05-11T05:45:00+00:00,100019.803
2026-05-11T06:00:00+00:00,100019.803
2026-05-11T06:15:00+00:00,100019.803
2026-05-11T06:30:00+00:00,100019.803
2026-05-11T06:45:00+00:00,100019.803
2026-05-11T07:00:00+00:00,100019.803
2026-05-11T07:15:00+00:00,100019.803
2026-05-11T07:30:00+00:00,100019.803
2026-05-11T07:45:00+00:00,100019.803
2026-05-11T08:00:00+00:00,100019.803
2026-05-11T08:15:00+00:00,100019.803
2026-05-11T08:30:00+00:00,100019.803
2026-05-11T08:45:00+00:00,100019.803
2026-05-11T09:00:00+00:00,100019.803
2026-05-11T09:15:00+00:00,100019.803
2026-05-11T09:30:00+00:00,100019.803
2026-05-11T09:45:00+00:00,100019.803
2026-05-12T03:45:00+00:00,100019.803
2026-05-12T04:00:00+00:00,99954.646
2026-05-12T04:15:00+00:00,99931.531
2026-05-12T04:30:00+00:00,99931.531
2026-05-12T04:45:00+00:00,99931.531
2026-05-12T05:00:00+00:00,99931.531
2026-05-12T05:15:00+00:00,99931.531
2026-05-12T05:30:00+00:00,99931.531
2026-05-12T05:45:00+00:00,99931.531
2026-05-12T06:00:00+00:00,99931.531
2026-05-12T06:15:00+00:00,99931.531
2026-05-12T06:30:00+00:00,99931.531
2026-05-12T06:45:00+00:00,99931.531
2026-05-12T07:00:00+00:00,99931.531
2026-05-12T07:15:00+00:00,99931.531
2026-05-12T07:30:00+00:00,99931.531
2026-05-12T07:45:00+00:00,99931.531
2026-05-12T08:00:00+00:00,99931.531
2026-05-12T08:15:00+00:00,99931.531
2026-05-12T08:30:00+00:00,99931.531
2026-05-12T08:45:00+00:00,99931.531
2026-05-12T09:00:00+00:00,99931.531
2026-05-12T09:15:00+00:00,99931.531
2026-05-12T09:30:00+00:00,99931.531
2026-05-12T09:45:00+00:00,99931.531
2026-05-13T03:45:00+00:00,99931.531
2026-05-13T04:00:00+00:00,99931.531
2026-05-13T04:15:00+00:00,99931.531
2026-05-13T04:30:00+00:00,99931.531
2026-05-13T04:45:00+00:00,99931.531
2026-05-13T05:00:00+00:00,99931.531
2026-05-13T05:15:00+00:00,99931.531
2026-05-13T05:30:00+00:00,99931.531
2026-05-13T05:45:00+00:00,99931.531
2026-05-13T06:00:00+00:00,99931.531
2026-05-13T06:15:00+00:00,99931.531
2026-05-13T06:30:00+00:00,99931.531
2026-05-13T06:45:00+00:00,99931.531
2026-05-13T07:00:00+00:00,99931.531
2026-05-13T07:15:00+00:00,99931.531
2026-05-13T07:30:00+00:00,99931.531
2026-05-13T07:45:00+00:00,99931.531
2026-05-13T08:00:00+00:00,99931.531
2026-05-13T08:15:00+00:00,99931.531
2026-05-13T08:30:00+00:00,99931.531
2026-05-13T08:45:00+00:00,99931.531
2026-05-13T09:00:00+00:00,99931.531
2026-05-13T09:15:00+00:00,99931.531
2026-05-13T09:30:00+00:00,99931.531
2026-05-13T09:45:00+00:00,99931.531
2026-05-14T03:45:00+00:00,99931.531
2026-05-14T04:00:00+00:00,99681.2172
2026-05-14T04:15:00+00:00,99636.1172
2026-05-14T04:30:00+00:00,99606.0795
2026-05-14T04:45:00+00:00,99606.0795
2026-05-14T05:00:00+00:00,99606.0795
2026-05-14T05:15:00+00:00,99606.0795
2026-05-14T05:30:00+00:00,99606.0795
2026-05-14T05:45:00+00:00,99606.0795
2026-05-14T06:00:00+00:00,99606.0795
2026-05-14T06:15:00+00:00,99606.0795
2026-05-14T06:30:00+00:00,99606.0795
2026-05-14T06:45:00+00:00,99606.0795
2026-05-14T07:00:00+00:00,99606.0795
2026-05-14T07:15:00+00:00,99606.0795
2026-05-14T07:30:00+00:00,99606.0795
2026-05-14T07:45:00+00:00,99606.0795
2026-05-14T08:00:00+00:00,99606.0795
2026-05-14T08:15:00+00:00,99606.0795
2026-05-14T08:30:00+00:00,99606.0795
2026-05-14T08:45:00+00:00,99606.0795
2026-05-14T09:00:00+00:00,99606.0795
2026-05-14T09:15:00+00:00,99606.0795
2026-05-14T09:30:00+00:00,99606.0795
2026-05-14T09:45:00+00:00,99606.0795
2026-05-15T03:45:00+00:00,99606.0795
2026-05-15T04:00:00+00:00,99606.0795
2026-05-15T04:15:00+00:00,99606.0795
2026-05-15T04:30:00+00:00,99606.0795
2026-05-15T04:45:00+00:00,99606.0795
2026-05-15T05:00:00+00:00,99606.0795
2026-05-15T05:15:00+00:00,99606.0795
2026-05-15T05:30:00+00:00,99606.0795
2026-05-15T05:45:00+00:00,99606.0795
2026-05-15T06:00:00+00:00,99606.0795
2026-05-15T06:15:00+00:00,99606.0795
2026-05-15T06:30:00+00:00,99606.0795
2026-05-15T06:45:00+00:00,99606.0795
2026-05-15T07:00:00+00:00,99606.0795
2026-05-15T07:15:00+00:00,99606.0795
2026-05-15T07:30:00+00:00,99606.0795
2026-05-15T07:45:00+00:00,99606.0795
2026-05-15T08:00:00+00:00,99606.0795
2026-05-15T08:15:00+00:00,99606.0795
2026-05-15T08:30:00+00:00,99606.0795
2026-05-15T08:45:00+00:00,99606.0795
2026-05-15T09:00:00+00:00,99606.0795
2026-05-15T09:15:00+00:00,99606.0795
2026-05-15T09:30:00+00:00,99606.0795
2026-05-15T09:45:00+00:00,99606.0795
2026-05-18T03:45:00+00:00,99606.0795
2026-05-18T04:00:00+00:00,99606.0795
2026-05-18T04:15:00+00:00,99606.0795
2026-05-18T04:30:00+00:00,99606.0795
2026-05-18T04:45:00+00:00,99606.0795
2026-05-18T05:00:00+00:00,99606.0795
2026-05-18T05:15:00+00:00,99606.0795
2026-05-18T05:30:00+00:00,99606.0795
2026-05-18T05:45:00+00:00,99606.0795
2026-05-18T06:00:00+00:00,99606.0795
2026-05-18T06:15:00+00:00,99606.0795
2026-05-18T06:30:00+00:00,99606.0795
2026-05-18T06:45:00+00:00,99606.0795
2026-05-18T07:00:00+00:00,99606.0795
2026-05-18T07:15:00+00:00,99606.0795
2026-05-18T07:30:00+00:00,99606.0795
2026-05-18T07:45:00+00:00,99606.0795
2026-05-18T08:00:00+00:00,99606.0795
2026-05-18T08:15:00+00:00,99606.0795
2026-05-18T08:30:00+00:00,99606.0795
2026-05-18T08:45:00+00:00,99606.0795
2026-05-18T09:00:00+00:00,99606.0795
2026-05-18T09:15:00+00:00,99606.0795
2026-05-18T09:30:00+00:00,99606.0795
2026-05-18T09:45:00+00:00,99606.0795
2026-05-19T03:45:00+00:00,99606.0795
2026-05-19T04:00:00+00:00,99593.5545
2026-05-19T04:15:00+00:00,99538.5545
2026-05-19T04:30:00+00:00,99520.0685
2026-05-19T04:45:00+00:00,99520.0685
2026-05-19T05:00:00+00:00,99520.0685
2026-05-19T05:15:00+00:00,99520.0685
2026-05-19T05:30:00+00:00,99520.0685
2026-05-19T05:45:00+00:00,99520.0685
2026-05-19T06:00:00+00:00,99520.0685
2026-05-19T06:15:00+00:00,99520.0685
2026-05-19T06:30:00+00:00,99520.0685
2026-05-19T06:45:00+00:00,99520.0685
2026-05-19T07:00:00+00:00,99520.0685
2026-05-19T07:15:00+00:00,99520.0685
2026-05-19T07:30:00+00:00,99520.0685
2026-05-19T07:45:00+00:00,99520.0685
2026-05-19T08:00:00+00:00,99520.0685
2026-05-19T08:15:00+00:00,99520.0685
2026-05-19T08:30:00+00:00,99520.0685
2026-05-19T08:45:00+00:00,99520.0685
2026-05-19T09:00:00+00:00,99520.0685
2026-05-19T09:15:00+00:00,99520.0685
2026-05-19T09:30:00+00:00,99520.0685
2026-05-19T09:45:00+00:00,99520.0685
2026-05-20T03:45:00+00:00,99520.0685
2026-05-20T04:00:00+00:00,99520.0685
2026-05-20T04:15:00+00:00,99520.0685
2026-05-20T04:30:00+00:00,99520.0685
2026-05-20T04:45:00+00:00,99520.0685
2026-05-20T05:00:00+00:00,99520.0685
2026-05-20T05:15:00+00:00,99520.0685
2026-05-20T05:30:00+00:00,99520.0685
2026-05-20T05:45:00+00:00,99520.0685
2026-05-20T06:00:00+00:00,99520.0685
2026-05-20T06:15:00+00:00,99520.0685
2026-05-20T06:30:00+00:00,99520.0685
2026-05-20T06:45:00+00:00,99520.0685
2026-05-20T07:00:00+00:00,99520.0685
2026-05-20T07:15:00+00:00,99520.0685
2026-05-20T07:30:00+00:00,99520.0685
2026-05-20T07:45:00+00:00,99520.0685
2026-05-20T08:00:00+00:00,99520.0685
2026-05-20T08:15:00+00:00,99520.0685
2026-05-20T08:30:00+00:00,99520.0685
2026-05-20T08:45:00+00:00,99520.0685
2026-05-20T09:00:00+00:00,99520.0685
2026-05-20T09:15:00+00:00,99520.0685
2026-05-20T09:30:00+00:00,99520.0685
2026-05-20T09:45:00+00:00,99520.0685
2026-05-21T03:45:00+00:00,99520.0685
2026-05-21T04:00:00+00:00,99520.0685
2026-05-21T04:15:00+00:00,99520.0685
2026-05-21T04:30:00+00:00,99520.0685
2026-05-21T04:45:00+00:00,99520.0685
2026-05-21T05:00:00+00:00,99520.0685
2026-05-21T05:15:00+00:00,99520.0685
2026-05-21T05:30:00+00:00,99520.0685
2026-05-21T05:45:00+00:00,99520.0685
2026-05-21T06:00:00+00:00,99520.0685
2026-05-21T06:15:00+00:00,99520.0685
2026-05-21T06:30:00+00:00,99520.0685
2026-05-21T06:45:00+00:00,99520.0685
2026-05-21T07:00:00+00:00,99520.0685
2026-05-21T07:15:00+00:00,99520.0685
2026-05-21T07:30:00+00:00,99520.0685
2026-05-21T07:45:00+00:00,99520.0685
2026-05-21T08:00:00+00:00,99520.0685
2026-05-21T08:15:00+00:00,99520.0685
2026-05-21T08:30:00+00:00,99520.0685
2026-05-21T08:45:00+00:00,99520.0685
2026-05-21T09:00:00+00:00,99520.0685
2026-05-21T09:15:00+00:00,99520.0685
2026-05-21T09:30:00+00:00,99520.0685
2026-05-21T09:45:00+00:00,99520.0685
2026-05-22T03:45:00+00:00,99520.0685
2026-05-22T04:00:00+00:00,99520.0685
2026-05-22T04:15:00+00:00,99520.0685
2026-05-22T04:30:00+00:00,99520.0685
2026-05-22T04:45:00+00:00,99520.0685
2026-05-22T05:00:00+00:00,99520.0685
2026-05-22T05:15:00+00:00,99520.0685
2026-05-22T05:30:00+00:00,99520.0685
2026-05-22T05:45:00+00:00,99520.0685
2026-05-22T06:00:00+00:00,99520.0685
2026-05-22T06:15:00+00:00,99520.0685
2026-05-22T06:30:00+00:00,99520.0685
2026-05-22T06:45:00+00:00,99520.0685
2026-05-22T07:00:00+00:00,99520.0685
2026-05-22T07:15:00+00:00,99520.0685
2026-05-22T07:30:00+00:00,99520.0685
2026-05-22T07:45:00+00:00,99520.0685
2026-05-22T08:00:00+00:00,99520.0685
2026-05-22T08:15:00+00:00,99520.0685
2026-05-22T08:30:00+00:00,99520.0685
2026-05-22T08:45:00+00:00,99520.0685
2026-05-22T09:00:00+00:00,99520.0685
2026-05-22T09:15:00+00:00,99520.0685
2026-05-22T09:30:00+00:00,99520.0685
2026-05-22T09:45:00+00:00,99520.0685
2026-05-25T03:45:00+00:00,99520.0685
2026-05-25T04:00:00+00:00,99520.0685
2026-05-25T04:15:00+00:00,99520.0685
2026-05-25T04:30:00+00:00,99520.0685
2026-05-25T04:45:00+00:00,99520.0685
2026-05-25T05:00:00+00:00,99520.0685
2026-05-25T05:15:00+00:00,99520.0685
2026-05-25T05:30:00+00:00,99520.0685
2026-05-25T05:45:00+00:00,99520.0685
2026-05-25T06:00:00+00:00,99520.0685
2026-05-25T06:15:00+00:00,99520.0685
2026-05-25T06:30:00+00:00,99520.0685
2026-05-25T06:45:00+00:00,99520.0685
2026-05-25T07:00:00+00:00,99520.0685
2026-05-25T07:15:00+00:00,99520.0685
2026-05-25T07:30:00+00:00,99520.0685
2026-05-25T07:45:00+00:00,99520.0685
2026-05-25T08:00:00+00:00,99520.0685
2026-05-25T08:15:00+00:00,99520.0685
2026-05-25T08:30:00+00:00,99520.0685
2026-05-25T08:45:00+00:00,99520.0685
2026-05-25T09:00:00+00:00,99520.0685
2026-05-25T09:15:00+00:00,99520.0685
2026-05-25T09:30:00+00:00,99520.0685
2026-05-25T09:45:00+00:00,99520.0685
2026-05-26T03:45:00+00:00,99520.0685
2026-05-26T04:00:00+00:00,99520.0685
2026-05-26T04:15:00+00:00,99520.0685
2026-05-26T04:30:00+00:00,99520.0685
2026-05-26T04:45:00+00:00,99520.0685
2026-05-26T05:00:00+00:00,99520.0685
2026-05-26T05:15:00+00:00,99520.0685
2026-05-26T05:30:00+00:00,99520.0685
2026-05-26T05:45:00+00:00,99520.0685
2026-05-26T06:00:00+00:00,99520.0685
2026-05-26T06:15:00+00:00,99520.0685
2026-05-26T06:30:00+00:00,99520.0685
2026-05-26T06:45:00+00:00,99520.0685
2026-05-26T07:00:00+00:00,99520.0685
2026-05-26T07:15:00+00:00,99520.0685
2026-05-26T07:30:00+00:00,99520.0685
2026-05-26T07:45:00+00:00,99520.0685
2026-05-26T08:00:00+00:00,99520.0685
2026-05-26T08:15:00+00:00,99520.0685
2026-05-26T08:30:00+00:00,99520.0685
2026-05-26T08:45:00+00:00,99520.0685
2026-05-26T09:00:00+00:00,99520.0685
2026-05-26T09:15:00+00:00,99520.0685
2026-05-26T09:30:00+00:00,99520.0685
2026-05-26T09:45:00+00:00,99520.0685
2026-05-27T03:45:00+00:00,99520.0685
2026-05-27T04:00:00+00:00,99520.0685
2026-05-27T04:15:00+00:00,99520.0685
2026-05-27T04:30:00+00:00,99520.0685
2026-05-27T04:45:00+00:00,99520.0685
2026-05-27T05:00:00+00:00,99520.0685
2026-05-27T05:15:00+00:00,99520.0685
2026-05-27T05:30:00+00:00,99520.0685
2026-05-27T05:45:00+00:00,99520.0685
2026-05-27T06:00:00+00:00,99520.0685
2026-05-27T06:15:00+00:00,99520.0685
2026-05-27T06:30:00+00:00,99520.0685
2026-05-27T06:45:00+00:00,99520.0685
2026-05-27T07:00:00+00:00,99520.0685
2026-05-27T07:15:00+00:00,99520.0685
2026-05-27T07:30:00+00:00,99520.0685
2026-05-27T07:45:00+00:00,99520.0685
2026-05-27T08:00:00+00:00,99520.0685
2026-05-27T08:15:00+00:00,99520.0685
2026-05-27T08:30:00+00:00,99520.0685
2026-05-27T08:45:00+00:00,99520.0685
2026-05-27T09:00:00+00:00,99520.0685
2026-05-27T09:15:00+00:00,99520.0685
2026-05-27T09:30:00+00:00,99520.0685
2026-05-27T09:45:00+00:00,99520.0685
2026-05-29T03:45:00+00:00,99520.0685
2026-05-29T04:00:00+00:00,99520.0685
2026-05-29T04:15:00+00:00,99520.0685
2026-05-29T04:30:00+00:00,99520.0685
2026-05-29T04:45:00+00:00,99520.0685
2026-05-29T05:00:00+00:00,99520.0685
2026-05-29T05:15:00+00:00,99520.0685
2026-05-29T05:30:00+00:00,99520.0685
2026-05-29T05:45:00+00:00,99520.0685
2026-05-29T06:00:00+00:00,99520.0685
2026-05-29T06:15:00+00:00,99520.0685
2026-05-29T06:30:00+00:00,99520.0685
2026-05-29T06:45:00+00:00,99520.0685
2026-05-29T07:00:00+00:00,99520.0685
2026-05-29T07:15:00+00:00,99520.0685
2026-05-29T07:30:00+00:00,99520.0685
2026-05-29T07:45:00+00:00,99520.0685
2026-05-29T08:00:00+00:00,99520.0685
2026-05-29T08:15:00+00:00,99520.0685
2026-05-29T08:30:00+00:00,99520.0685
2026-05-29T08:45:00+00:00,99520.0685
2026-05-29T09:00:00+00:00,99520.0685
2026-05-29T09:15:00+00:00,99520.0685
2026-05-29T09:30:00+00:00,99520.0685
2026-05-29T09:45:00+00:00,99522.78
2026-06-01T03:45:00+00:00,100030.98
2026-06-01T04:00:00+00:00,100005.6558
2026-06-01T04:15:00+00:00,100005.6558
2026-06-01T04:30:00+00:00,100005.6558
2026-06-01T04:45:00+00:00,100005.6558
2026-06-01T05:00:00+00:00,100005.6558
2026-06-01T05:15:00+00:00,100077.6268
2026-06-01T05:30:00+00:00,100060.4968
2026-06-01T05:45:00+00:00,100060.4968
2026-06-01T06:00:00+00:00,100060.4968
2026-06-01T06:15:00+00:00,100060.4968
2026-06-01T06:30:00+00:00,100060.4968
2026-06-01T06:45:00+00:00,100060.4968
2026-06-01T07:00:00+00:00,100060.4968
2026-06-01T07:15:00+00:00,100060.4968
2026-06-01T07:30:00+00:00,100060.4968
2026-06-01T07:45:00+00:00,100060.4968
2026-06-01T08:00:00+00:00,100060.4968
2026-06-01T08:15:00+00:00,100060.4968
2026-06-01T08:30:00+00:00,100060.4968
2026-06-01T08:45:00+00:00,100060.4968
2026-06-01T09:00:00+00:00,100060.4968
2026-06-01T09:15:00+00:00,100060.4968
2026-06-01T09:30:00+00:00,100060.4968
2026-06-01T09:45:00+00:00,100060.4968
2026-06-02T03:45:00+00:00,100060.4968
2026-06-02T04:00:00+00:00,100060.4968
2026-06-02T04:15:00+00:00,100060.4968
2026-06-02T04:30:00+00:00,100060.4968
2026-06-02T04:45:00+00:00,100060.4968
2026-06-02T05:00:00+00:00,100060.4968
2026-06-02T05:15:00+00:00,100060.4968
2026-06-02T05:30:00+00:00,100060.4968
2026-06-02T05:45:00+00:00,100060.4968
2026-06-02T06:00:00+00:00,100060.4968
2026-06-02T06:15:00+00:00,100060.4968
2026-06-02T06:30:00+00:00,100060.4968
2026-06-02T06:45:00+00:00,100060.4968
2026-06-02T07:00:00+00:00,100060.4968
2026-06-02T07:15:00+00:00,100060.4968
2026-06-02T07:30:00+00:00,100060.4968
2026-06-02T07:45:00+00:00,100060.4968
2026-06-02T08:00:00+00:00,100060.4968
2026-06-02T08:15:00+00:00,100060.4968
2026-06-02T08:30:00+00:00,100060.4968
2026-06-02T08:45:00+00:00,100060.4968
2026-06-02T09:00:00+00:00,100060.4968
2026-06-02T09:15:00+00:00,100060.4968
2026-06-02T09:30:00+00:00,100060.4968
2026-06-02T09:45:00+00:00,100060.4968
2026-06-03T03:45:00+00:00,100060.4968
2026-06-03T04:00:00+00:00,99830.4468
2026-06-03T04:15:00+00:00,99807.6038
2026-06-03T04:30:00+00:00,99807.6038
2026-06-03T04:45:00+00:00,99807.6038
2026-06-03T05:00:00+00:00,99807.6038
2026-06-03T05:15:00+00:00,99807.6038
2026-06-03T05:30:00+00:00,99807.6038
2026-06-03T05:45:00+00:00,99807.6038
2026-06-03T06:00:00+00:00,99807.6038
2026-06-03T06:15:00+00:00,99807.6038
2026-06-03T06:30:00+00:00,99807.6038
2026-06-03T06:45:00+00:00,99807.6038
2026-06-03T07:00:00+00:00,99807.6038
2026-06-03T07:15:00+00:00,99807.6038
2026-06-03T07:30:00+00:00,99807.6038
2026-06-03T07:45:00+00:00,99807.6038
2026-06-03T08:00:00+00:00,99807.6038
2026-06-03T08:15:00+00:00,99807.6038
2026-06-03T08:30:00+00:00,99807.6038
2026-06-03T08:45:00+00:00,99807.6038
2026-06-03T09:00:00+00:00,99807.6038
2026-06-03T09:15:00+00:00,99807.6038
2026-06-03T09:30:00+00:00,99807.6038
2026-06-03T09:45:00+00:00,99807.6038
2026-06-04T03:45:00+00:00,99807.6038
2026-06-04T04:00:00+00:00,99807.6038
2026-06-04T04:15:00+00:00,99807.6038
2026-06-04T04:30:00+00:00,99807.6038
2026-06-04T04:45:00+00:00,99807.6038
2026-06-04T05:00:00+00:00,99807.6038
2026-06-04T05:15:00+00:00,99807.6038
2026-06-04T05:30:00+00:00,99807.6038
2026-06-04T05:45:00+00:00,99807.6038
2026-06-04T06:00:00+00:00,99807.6038
2026-06-04T06:15:00+00:00,99807.6038
2026-06-04T06:30:00+00:00,99807.6038
2026-06-04T06:45:00+00:00,99807.6038
2026-06-04T07:00:00+00:00,99807.6038
2026-06-04T07:15:00+00:00,99807.6038
2026-06-04T07:30:00+00:00,99807.6038
2026-06-04T07:45:00+00:00,99807.6038
2026-06-04T08:00:00+00:00,99807.6038
2026-06-04T08:15:00+00:00,99807.6038
2026-06-04T08:30:00+00:00,99807.6038
2026-06-04T08:45:00+00:00,99807.6038
2026-06-04T09:00:00+00:00,99807.6038
2026-06-04T09:15:00+00:00,99807.6038
2026-06-04T09:30:00+00:00,99807.6038
2026-06-04T09:45:00+00:00,99807.6038
2026-06-05T03:45:00+00:00,99807.6038
2026-06-05T04:00:00+00:00,99807.6038
2026-06-05T04:15:00+00:00,99807.6038
2026-06-05T04:30:00+00:00,99807.6038
2026-06-05T04:45:00+00:00,99807.6038
2026-06-05T05:00:00+00:00,99807.6038
2026-06-05T05:15:00+00:00,99807.6038
2026-06-05T05:30:00+00:00,99807.6038
2026-06-05T05:45:00+00:00,99807.6038
2026-06-05T06:00:00+00:00,99807.6038
2026-06-05T06:15:00+00:00,99807.6038
2026-06-05T06:30:00+00:00,99807.6038
2026-06-05T06:45:00+00:00,99807.6038
2026-06-05T07:00:00+00:00,99807.6038
2026-06-05T07:15:00+00:00,99807.6038
2026-06-05T07:30:00+00:00,99807.6038
2026-06-05T07:45:00+00:00,99807.6038
2026-06-05T08:00:00+00:00,99807.6038
2026-06-05T08:15:00+00:00,99807.6038
2026-06-05T08:30:00+00:00,99807.6038
2026-06-05T08:45:00+00:00,99807.6038
2026-06-05T09:00:00+00:00,99807.6038
2026-06-05T09:15:00+00:00,99807.6038
2026-06-05T09:30:00+00:00,99807.6038
2026-06-05T09:45:00+00:00,99807.6038
2026-06-08T03:45:00+00:00,99807.6038
2026-06-08T04:00:00+00:00,99807.6038
2026-06-08T04:15:00+00:00,99807.6038
2026-06-08T04:30:00+00:00,99807.6038
2026-06-08T04:45:00+00:00,99807.6038
2026-06-08T05:00:00+00:00,99807.6038
2026-06-08T05:15:00+00:00,99807.6038
2026-06-08T05:30:00+00:00,99807.6038
2026-06-08T05:45:00+00:00,99807.6038
2026-06-08T06:00:00+00:00,99807.6038
2026-06-08T06:15:00+00:00,99807.6038
2026-06-08T06:30:00+00:00,99807.6038
2026-06-08T06:45:00+00:00,99807.6038
2026-06-08T07:00:00+00:00,99807.6038
2026-06-08T07:15:00+00:00,99807.6038
2026-06-08T07:30:00+00:00,99807.6038
2026-06-08T07:45:00+00:00,99807.6038
2026-06-08T08:00:00+00:00,99807.6038
2026-06-08T08:15:00+00:00,99807.6038
2026-06-08T08:30:00+00:00,99807.6038
2026-06-08T08:45:00+00:00,99807.6038
2026-06-08T09:00:00+00:00,99807.6038
2026-06-08T09:15:00+00:00,99807.6038
2026-06-08T09:30:00+00:00,99807.6038
2026-06-08T09:45:00+00:00,99807.6038
2026-06-09T03:45:00+00:00,99807.6038
2026-06-09T04:00:00+00:00,99807.6038
2026-06-09T04:15:00+00:00,99807.6038
2026-06-09T04:30:00+00:00,99807.6038
2026-06-09T04:45:00+00:00,99807.6038
2026-06-09T05:00:00+00:00,99807.6038
2026-06-09T05:15:00+00:00,99807.6038
2026-06-09T05:30:00+00:00,99807.6038
2026-06-09T05:45:00+00:00,99807.6038
2026-06-09T06:00:00+00:00,99807.6038
2026-06-09T06:15:00+00:00,99807.6038
2026-06-09T06:30:00+00:00,99807.6038
2026-06-09T06:45:00+00:00,99807.6038
2026-06-09T07:00:00+00:00,99807.6038
2026-06-09T07:15:00+00:00,99807.6038
2026-06-09T07:30:00+00:00,99807.6038
2026-06-09T07:45:00+00:00,99807.6038
2026-06-09T08:00:00+00:00,99807.6038
2026-06-09T08:15:00+00:00,99807.6038
2026-06-09T08:30:00+00:00,99807.6038
2026-06-09T08:45:00+00:00,99807.6038
2026-06-09T09:00:00+00:00,99807.6038
2026-06-09T09:15:00+00:00,99807.6038
2026-06-09T09:30:00+00:00,99807.6038
2026-06-09T09:45:00+00:00,99807.6038
2026-06-10T03:45:00+00:00,99807.6038
2026-06-10T04:00:00+00:00,99807.6038
2026-06-10T04:15:00+00:00,99807.6038
2026-06-10T04:30:00+00:00,99807.6038
2026-06-10T04:45:00+00:00,99807.6038
2026-06-10T05:00:00+00:00,99807.6038
2026-06-10T05:15:00+00:00,99807.6038
2026-06-10T05:30:00+00:00,99807.6038
2026-06-10T05:45:00+00:00,99807.6038
2026-06-10T06:00:00+00:00,99807.6038
2026-06-10T06:15:00+00:00,99807.6038
2026-06-10T06:30:00+00:00,99807.6038
2026-06-10T06:45:00+00:00,99807.6038
2026-06-10T07:00:00+00:00,99807.6038
2026-06-10T07:15:00+00:00,99807.6038
2026-06-10T07:30:00+00:00,99807.6038
2026-06-10T07:45:00+00:00,99807.6038
2026-06-10T08:00:00+00:00,99807.6038
2026-06-10T08:15:00+00:00,99807.6038
2026-06-10T08:30:00+00:00,99807.6038
2026-06-10T08:45:00+00:00,99807.6038
2026-06-10T09:00:00+00:00,99807.6038
2026-06-10T09:15:00+00:00,99807.6038
2026-06-10T09:30:00+00:00,99807.6038
2026-06-10T09:45:00+00:00,99807.6038
2026-06-11T03:45:00+00:00,99807.6038
2026-06-11T04:00:00+00:00,99807.6038
2026-06-11T04:15:00+00:00,99807.6038
2026-06-11T04:30:00+00:00,99807.6038
2026-06-11T04:45:00+00:00,99807.6038
2026-06-11T05:00:00+00:00,99807.6038
2026-06-11T05:15:00+00:00,99807.6038
2026-06-11T05:30:00+00:00,99807.6038
2026-06-11T05:45:00+00:00,99807.6038
2026-06-11T06:00:00+00:00,99807.6038
2026-06-11T06:15:00+00:00,99807.6038
2026-06-11T06:30:00+00:00,99807.6038
2026-06-11T06:45:00+00:00,99807.6038
2026-06-11T07:00:00+00:00,99807.6038
2026-06-11T07:15:00+00:00,99807.6038
2026-06-11T07:30:00+00:00,99807.6038
2026-06-11T07:45:00+00:00,99807.6038
2026-06-11T08:00:00+00:00,99807.6038
2026-06-11T08:15:00+00:00,99807.6038
2026-06-11T08:30:00+00:00,99807.6038
2026-06-11T08:45:00+00:00,99807.6038
2026-06-11T09:00:00+00:00,99807.6038
2026-06-11T09:15:00+00:00,99807.6038
2026-06-11T09:30:00+00:00,99807.6038
2026-06-11T09:45:00+00:00,99807.6038
2026-06-12T03:45:00+00:00,99807.6038
2026-06-12T04:00:00+00:00,99807.6038
2026-06-12T04:15:00+00:00,99807.6038
2026-06-12T04:30:00+00:00,99807.6038
2026-06-12T04:45:00+00:00,99807.6038
2026-06-12T05:00:00+00:00,99807.6038
2026-06-12T05:15:00+00:00,99807.6038
2026-06-12T05:30:00+00:00,99807.6038
2026-06-12T05:45:00+00:00,99807.6038
2026-06-12T06:00:00+00:00,99807.6038
2026-06-12T06:15:00+00:00,99807.6038
2026-06-12T06:30:00+00:00,99807.6038
2026-06-12T06:45:00+00:00,99807.6038
2026-06-12T07:00:00+00:00,99807.6038
2026-06-12T07:15:00+00:00,99807.6038
2026-06-12T07:30:00+00:00,99807.6038
2026-06-12T07:45:00+00:00,99807.6038
2026-06-12T08:00:00+00:00,99807.6038
2026-06-12T08:15:00+00:00,99807.6038
2026-06-12T08:30:00+00:00,99807.6038
2026-06-12T08:45:00+00:00,99807.6038
2026-06-12T09:00:00+00:00,99807.6038
2026-06-12T09:15:00+00:00,99807.6038
2026-06-12T09:30:00+00:00,99807.6038
2026-06-12T09:45:00+00:00,99807.6038
2026-06-15T03:45:00+00:00,99807.6038
2026-06-15T04:00:00+00:00,99807.6038
2026-06-15T04:15:00+00:00,99807.6038
2026-06-15T04:30:00+00:00,99807.6038
2026-06-15T04:45:00+00:00,99807.6038
2026-06-15T05:00:00+00:00,99807.6038
2026-06-15T05:15:00+00:00,99807.6038
2026-06-15T05:30:00+00:00,99807.6038
2026-06-15T05:45:00+00:00,99807.6038
2026-06-15T06:00:00+00:00,99807.6038
2026-06-15T06:15:00+00:00,99807.6038
2026-06-15T06:30:00+00:00,99807.6038
2026-06-15T06:45:00+00:00,99807.6038
2026-06-15T07:00:00+00:00,99807.6038
2026-06-15T07:15:00+00:00,99807.6038
2026-06-15T07:30:00+00:00,99807.6038
2026-06-15T07:45:00+00:00,99807.6038
2026-06-15T08:00:00+00:00,99807.6038
2026-06-15T08:15:00+00:00,99807.6038
2026-06-15T08:30:00+00:00,99807.6038
2026-06-15T08:45:00+00:00,99807.6038
2026-06-15T09:00:00+00:00,99807.6038
2026-06-15T09:15:00+00:00,99807.6038
2026-06-15T09:30:00+00:00,99807.6038
2026-06-15T09:45:00+00:00,99807.6038
2026-06-16T03:45:00+00:00,99807.6038
2026-06-16T04:00:00+00:00,99807.6038
2026-06-16T04:15:00+00:00,99807.6038
2026-06-16T04:30:00+00:00,99807.6038
2026-06-16T04:45:00+00:00,99807.6038
2026-06-16T05:00:00+00:00,99807.6038
2026-06-16T05:15:00+00:00,99807.6038
2026-06-16T05:30:00+00:00,99807.6038
2026-06-16T05:45:00+00:00,99807.6038
2026-06-16T06:00:00+00:00,99807.6038
2026-06-16T06:15:00+00:00,99807.6038
2026-06-16T06:30:00+00:00,99807.6038
2026-06-16T06:45:00+00:00,99807.6038
2026-06-16T07:00:00+00:00,99807.6038
2026-06-16T07:15:00+00:00,99807.6038
2026-06-16T07:30:00+00:00,99807.6038
2026-06-16T07:45:00+00:00,99807.6038
2026-06-16T08:00:00+00:00,99807.6038
2026-06-16T08:15:00+00:00,99807.6038
2026-06-16T08:30:00+00:00,99807.6038
2026-06-16T08:45:00+00:00,99807.6038
2026-06-16T09:00:00+00:00,99807.6038
2026-06-16T09:15:00+00:00,99807.6038
2026-06-16T09:30:00+00:00,99807.6038
2026-06-16T09:45:00+00:00,99807.6038
2026-06-17T03:45:00+00:00,99807.6038
2026-06-17T04:00:00+00:00,99807.6038
2026-06-17T04:15:00+00:00,99807.6038
2026-06-17T04:30:00+00:00,99807.6038
2026-06-17T04:45:00+00:00,99807.6038
2026-06-17T05:00:00+00:00,99807.6038
2026-06-17T05:15:00+00:00,99807.6038
2026-06-17T05:30:00+00:00,99807.6038
2026-06-17T05:45:00+00:00,99807.6038
2026-06-17T06:00:00+00:00,99807.6038
2026-06-17T06:15:00+00:00,99807.6038
2026-06-17T06:30:00+00:00,99807.6038
2026-06-17T06:45:00+00:00,99807.6038
2026-06-17T07:00:00+00:00,99807.6038
2026-06-17T07:15:00+00:00,99807.6038
2026-06-17T07:30:00+00:00,99807.6038
2026-06-17T07:45:00+00:00,99807.6038
2026-06-17T08:00:00+00:00,99807.6038
2026-06-17T08:15:00+00:00,99807.6038
2026-06-17T08:30:00+00:00,99807.6038
2026-06-17T08:45:00+00:00,99807.6038
2026-06-17T09:00:00+00:00,99807.6038
2026-06-17T09:15:00+00:00,99807.6038
2026-06-17T09:30:00+00:00,99807.6038
2026-06-17T09:45:00+00:00,99807.6038
2026-06-18T03:45:00+00:00,99807.6038
2026-06-18T04:00:00+00:00,99807.6038
2026-06-18T04:15:00+00:00,99807.6038
2026-06-18T04:30:00+00:00,99807.6038
2026-06-18T04:45:00+00:00,99807.6038
2026-06-18T05:00:00+00:00,99807.6038
2026-06-18T05:15:00+00:00,99807.6038
2026-06-18T05:30:00+00:00,99807.6038
2026-06-18T05:45:00+00:00,99807.6038
2026-06-18T06:00:00+00:00,99807.6038
2026-06-18T06:15:00+00:00,99807.6038
2026-06-18T06:30:00+00:00,99807.6038
2026-06-18T06:45:00+00:00,99807.6038
2026-06-18T07:00:00+00:00,99807.6038
2026-06-18T07:15:00+00:00,99807.6038
2026-06-18T07:30:00+00:00,99807.6038
2026-06-18T07:45:00+00:00,99807.6038
2026-06-18T08:00:00+00:00,99807.6038
2026-06-18T08:15:00+00:00,99807.6038
2026-06-18T08:30:00+00:00,99807.6038
2026-06-18T08:45:00+00:00,99807.6038
2026-06-18T09:00:00+00:00,99807.6038
2026-06-18T09:15:00+00:00,99807.6038
2026-06-18T09:30:00+00:00,99807.6038
2026-06-18T09:45:00+00:00,99807.6038
2026-06-19T03:45:00+00:00,99807.6038
2026-06-19T04:00:00+00:00,99848.7758
2026-06-19T04:15:00+00:00,99823.8818
2026-06-19T04:30:00+00:00,99823.8818
2026-06-19T04:45:00+00:00,99823.8818
2026-06-19T05:00:00+00:00,99823.8818
2026-06-19T05:15:00+00:00,99823.8818
2026-06-19T05:30:00+00:00,99823.8818
2026-06-19T05:45:00+00:00,99823.8818
2026-06-19T06:00:00+00:00,99823.8818
2026-06-19T06:15:00+00:00,99823.8818
2026-06-19T06:30:00+00:00,99823.8818
2026-06-19T06:45:00+00:00,99823.8818
2026-06-19T07:00:00+00:00,99823.8818
2026-06-19T07:15:00+00:00,99823.8818
2026-06-19T07:30:00+00:00,99823.8818
2026-06-19T07:45:00+00:00,99823.8818
2026-06-19T08:00:00+00:00,99823.8818
2026-06-19T08:15:00+00:00,99823.8818
2026-06-19T08:30:00+00:00,99823.8818
2026-06-19T08:45:00+00:00,99823.8818
2026-06-19T09:00:00+00:00,99823.8818
2026-06-19T09:15:00+00:00,99823.8818
2026-06-19T09:30:00+00:00,99823.8818
2026-06-19T09:45:00+00:00,99823.8818
2026-06-22T03:45:00+00:00,99823.8818
2026-06-22T04:00:00+00:00,99823.8818
2026-06-22T04:15:00+00:00,99823.8818
2026-06-22T04:30:00+00:00,99823.8818
2026-06-22T04:45:00+00:00,99823.8818
2026-06-22T05:00:00+00:00,99823.8818
2026-06-22T05:15:00+00:00,99823.8818
2026-06-22T05:30:00+00:00,99823.8818
2026-06-22T05:45:00+00:00,99823.8818
2026-06-22T06:00:00+00:00,99823.8818
2026-06-22T06:15:00+00:00,99823.8818
2026-06-22T06:30:00+00:00,99823.8818
2026-06-22T06:45:00+00:00,99823.8818
2026-06-22T07:00:00+00:00,99823.8818
2026-06-22T07:15:00+00:00,99823.8818
2026-06-22T07:30:00+00:00,99823.8818
2026-06-22T07:45:00+00:00,99823.8818
2026-06-22T08:00:00+00:00,99823.8818
2026-06-22T08:15:00+00:00,99823.8818
2026-06-22T08:30:00+00:00,99823.8818
2026-06-22T08:45:00+00:00,99823.8818
2026-06-22T09:00:00+00:00,99823.8818
2026-06-22T09:15:00+00:00,99823.8818
2026-06-22T09:30:00+00:00,99823.8818
2026-06-22T09:45:00+00:00,99823.8818
2026-06-23T03:45:00+00:00,99823.8818
2026-06-23T04:00:00+00:00,99823.8818
2026-06-23T04:15:00+00:00,99823.8818
2026-06-23T04:30:00+00:00,99823.8818
2026-06-23T04:45:00+00:00,99823.8818
2026-06-23T05:00:00+00:00,99823.8818
2026-06-23T05:15:00+00:00,99823.8818
2026-06-23T05:30:00+00:00,99823.8818
2026-06-23T05:45:00+00:00,99823.8818
2026-06-23T06:00:00+00:00,99823.8818
2026-06-23T06:15:00+00:00,99823.8818
2026-06-23T06:30:00+00:00,99823.8818
2026-06-23T06:45:00+00:00,99823.8818
2026-06-23T07:00:00+00:00,99823.8818
2026-06-23T07:15:00+00:00,99823.8818
2026-06-23T07:30:00+00:00,99823.8818
2026-06-23T07:45:00+00:00,99823.8818
2026-06-23T08:00:00+00:00,99823.8818
2026-06-23T08:15:00+00:00,99823.8818
2026-06-23T08:30:00+00:00,99823.8818
2026-06-23T08:45:00+00:00,99823.8818
2026-06-23T09:00:00+00:00,99823.8818
2026-06-23T09:15:00+00:00,99823.8818
2026-06-23T09:30:00+00:00,99823.8818
2026-06-23T09:45:00+00:00,99823.8818
2026-06-24T03:45:00+00:00,99823.8818
2026-06-24T04:00:00+00:00,99823.8818
2026-06-24T04:15:00+00:00,99823.8818
2026-06-24T04:30:00+00:00,99823.8818
2026-06-24T04:45:00+00:00,99823.8818
2026-06-24T05:00:00+00:00,99823.8818
2026-06-24T05:15:00+00:00,99823.8818
2026-06-24T05:30:00+00:00,99823.8818
2026-06-24T05:45:00+00:00,99823.8818
2026-06-24T06:00:00+00:00,99823.8818
2026-06-24T06:15:00+00:00,99823.8818
2026-06-24T06:30:00+00:00,99823.8818
2026-06-24T06:45:00+00:00,99823.8818
2026-06-24T07:00:00+00:00,99823.8818
2026-06-24T07:15:00+00:00,99823.8818
2026-06-24T07:30:00+00:00,99823.8818
2026-06-24T07:45:00+00:00,99823.8818
2026-06-24T08:00:00+00:00,99823.8818
2026-06-24T08:15:00+00:00,99823.8818
2026-06-24T08:30:00+00:00,99823.8818
2026-06-24T08:45:00+00:00,99823.8818
2026-06-24T09:00:00+00:00,99823.8818
2026-06-24T09:15:00+00:00,99823.8818
2026-06-24T09:30:00+00:00,99823.8818
2026-06-24T09:45:00+00:00,99823.8818
2026-06-25T03:45:00+00:00,99823.8818
2026-06-25T04:00:00+00:00,99823.8818
2026-06-25T04:15:00+00:00,99823.8818
2026-06-25T04:30:00+00:00,99823.8818
2026-06-25T04:45:00+00:00,99823.8818
2026-06-25T05:00:00+00:00,99823.8818
2026-06-25T05:15:00+00:00,99823.8818
2026-06-25T05:30:00+00:00,99823.8818
2026-06-25T05:45:00+00:00,99823.8818
2026-06-25T06:00:00+00:00,99823.8818
2026-06-25T06:15:00+00:00,99823.8818
2026-06-25T06:30:00+00:00,99823.8818
2026-06-25T06:45:00+00:00,99823.8818
2026-06-25T07:00:00+00:00,99823.8818
2026-06-25T07:15:00+00:00,99823.8818
2026-06-25T07:30:00+00:00,99823.8818
2026-06-25T07:45:00+00:00,99823.8818
2026-06-25T08:00:00+00:00,99823.8818
2026-06-25T08:15:00+00:00,99823.8818
2026-06-25T08:30:00+00:00,99823.8818
2026-06-25T08:45:00+00:00,99823.8818
2026-06-25T09:00:00+00:00,99823.8818
2026-06-25T09:15:00+00:00,99823.8818
2026-06-25T09:30:00+00:00,99823.8818
2026-06-25T09:45:00+00:00,99823.8818
2026-06-29T03:45:00+00:00,99823.8818
2026-06-29T04:00:00+00:00,99823.8818
2026-06-29T04:15:00+00:00,99823.8818
2026-06-29T04:30:00+00:00,99823.8818
2026-06-29T04:45:00+00:00,99823.8818
2026-06-29T05:00:00+00:00,99823.8818
2026-06-29T05:15:00+00:00,99823.8818
2026-06-29T05:30:00+00:00,99823.8818
2026-06-29T05:45:00+00:00,99823.8818
2026-06-29T06:00:00+00:00,99823.8818
2026-06-29T06:15:00+00:00,99823.8818
2026-06-29T06:30:00+00:00,99823.8818
2026-06-29T06:45:00+00:00,99823.8818
2026-06-29T07:00:00+00:00,99823.8818
2026-06-29T07:15:00+00:00,99823.8818
2026-06-29T07:30:00+00:00,99823.8818
2026-06-29T07:45:00+00:00,99823.8818
2026-06-29T08:00:00+00:00,99823.8818
2026-06-29T08:15:00+00:00,99823.8818
2026-06-29T08:30:00+00:00,99823.8818
2026-06-29T08:45:00+00:00,99823.8818
2026-06-29T09:00:00+00:00,99823.8818
2026-06-29T09:15:00+00:00,99823.8818
2026-06-29T09:30:00+00:00,99823.8818
2026-06-29T09:45:00+00:00,99823.8818
2026-06-30T03:45:00+00:00,99823.8818
2026-06-30T04:00:00+00:00,99517.1174
2026-06-30T04:15:00+00:00,99638.3174
2026-06-30T04:30:00+00:00,99612.515
2026-06-30T04:45:00+00:00,99612.515
2026-06-30T05:00:00+00:00,99612.515
2026-06-30T05:15:00+00:00,99612.515
2026-06-30T05:30:00+00:00,99612.515
2026-06-30T05:45:00+00:00,99612.515
2026-06-30T06:00:00+00:00,99612.515
2026-06-30T06:15:00+00:00,99612.515
2026-06-30T06:30:00+00:00,99612.515
2026-06-30T06:45:00+00:00,99612.515
2026-06-30T07:00:00+00:00,99612.515
2026-06-30T07:15:00+00:00,99612.515
2026-06-30T07:30:00+00:00,99612.515
2026-06-30T07:45:00+00:00,99612.515
2026-06-30T08:00:00+00:00,99612.515
2026-06-30T08:15:00+00:00,99612.515
2026-06-30T08:30:00+00:00,99612.515
2026-06-30T08:45:00+00:00,99612.515
2026-06-30T09:00:00+00:00,99612.515
2026-06-30T09:15:00+00:00,99612.515
2026-06-30T09:30:00+00:00,99612.515
2026-06-30T09:45:00+00:00,99612.515
2026-07-01T03:45:00+00:00,99612.515
2026-07-01T04:00:00+00:00,99612.515
2026-07-01T04:15:00+00:00,99612.515
2026-07-01T04:30:00+00:00,99612.515
2026-07-01T04:45:00+00:00,99612.515
2026-07-01T05:00:00+00:00,99612.515
2026-07-01T05:15:00+00:00,99612.515
2026-07-01T05:30:00+00:00,99612.515
2026-07-01T05:45:00+00:00,99612.515
2026-07-01T06:00:00+00:00,99612.515
2026-07-01T06:15:00+00:00,99612.515
2026-07-01T06:30:00+00:00,99612.515
2026-07-01T06:45:00+00:00,99612.515
2026-07-01T07:00:00+00:00,99612.515
2026-07-01T07:15:00+00:00,99612.515
2026-07-01T07:30:00+00:00,99612.515
2026-07-01T07:45:00+00:00,99612.515
2026-07-01T08:00:00+00:00,99612.515
2026-07-01T08:15:00+00:00,99612.515
2026-07-01T08:30:00+00:00,99612.515
2026-07-01T08:45:00+00:00,99612.515
2026-07-01T09:00:00+00:00,99612.515
2026-07-01T09:15:00+00:00,99612.515
2026-07-01T09:30:00+00:00,99612.515
2026-07-01T09:45:00+00:00,99612.515
2026-07-02T03:45:00+00:00,99612.515
2026-07-02T04:00:00+00:00,99612.515
2026-07-02T04:15:00+00:00,99612.515
2026-07-02T04:30:00+00:00,99612.515
2026-07-02T04:45:00+00:00,99612.515
2026-07-02T05:00:00+00:00,99612.515
2026-07-02T05:15:00+00:00,99612.515
2026-07-02T05:30:00+00:00,99612.515
2026-07-02T05:45:00+00:00,99612.515
2026-07-02T06:00:00+00:00,99612.515
2026-07-02T06:15:00+00:00,99612.515
2026-07-02T06:30:00+00:00,99612.515
2026-07-02T06:45:00+00:00,99612.515
2026-07-02T07:00:00+00:00,99612.515
2026-07-02T07:15:00+00:00,99612.515
2026-07-02T07:30:00+00:00,99612.515
2026-07-02T07:45:00+00:00,99612.515
2026-07-02T08:00:00+00:00,99612.515
2026-07-02T08:15:00+00:00,99612.515
2026-07-02T08:30:00+00:00,99612.515
2026-07-02T08:45:00+00:00,99612.515
2026-07-02T09:00:00+00:00,99612.515
2026-07-02T09:15:00+00:00,99612.515
2026-07-02T09:30:00+00:00,99612.515
2026-07-02T09:45:00+00:00,99612.515
2026-07-03T03:45:00+00:00,99612.515
2026-07-03T04:00:00+00:00,99612.515
2026-07-03T04:15:00+00:00,99612.515
2026-07-03T04:30:00+00:00,99612.515
2026-07-03T04:45:00+00:00,99612.515
2026-07-03T05:00:00+00:00,99612.515
2026-07-03T05:15:00+00:00,99612.515
2026-07-03T05:30:00+00:00,99612.515
2026-07-03T05:45:00+00:00,99612.515
2026-07-03T06:00:00+00:00,99612.515
2026-07-03T06:15:00+00:00,99612.515
2026-07-03T06:30:00+00:00,99612.515
2026-07-03T06:45:00+00:00,99612.515
2026-07-03T07:00:00+00:00,99612.515
2026-07-03T07:15:00+00:00,99612.515
2026-07-03T07:30:00+00:00,99612.515
2026-07-03T07:45:00+00:00,99612.515
2026-07-03T08:00:00+00:00,99612.515
2026-07-03T08:15:00+00:00,99612.515
2026-07-03T08:30:00+00:00,99612.515
2026-07-03T08:45:00+00:00,99612.515
2026-07-03T09:00:00+00:00,99612.515
2026-07-03T09:15:00+00:00,99612.515
2026-07-03T09:30:00+00:00,99612.515
2026-07-03T09:45:00+00:00,99612.515
2026-07-06T03:45:00+00:00,99612.515
2026-07-06T04:00:00+00:00,99612.515
2026-07-06T04:15:00+00:00,99612.515
2026-07-06T04:30:00+00:00,99612.515
2026-07-06T04:45:00+00:00,99612.515
2026-07-06T05:00:00+00:00,99612.515
2026-07-06T05:15:00+00:00,99612.515
2026-07-06T05:30:00+00:00,99612.515
2026-07-06T05:45:00+00:00,99612.515
2026-07-06T06:00:00+00:00,99612.515
2026-07-06T06:15:00+00:00,99612.515
2026-07-06T06:30:00+00:00,99612.515
2026-07-06T06:45:00+00:00,99612.515
2026-07-06T07:00:00+00:00,99612.515
2026-07-06T07:15:00+00:00,99612.515
2026-07-06T07:30:00+00:00,99612.515
2026-07-06T07:45:00+00:00,99612.515
2026-07-06T08:00:00+00:00,99612.515
2026-07-06T08:15:00+00:00,99612.515
2026-07-06T08:30:00+00:00,99612.515
2026-07-06T08:45:00+00:00,99612.515
2026-07-06T09:00:00+00:00,99612.515
2026-07-06T09:15:00+00:00,99612.515
2026-07-06T09:30:00+00:00,99612.515
2026-07-06T09:45:00+00:00,99612.515
2026-07-07T03:45:00+00:00,99612.515
2026-07-07T04:00:00+00:00,99612.515
2026-07-07T04:15:00+00:00,99612.515
2026-07-07T04:30:00+00:00,99612.515
2026-07-07T04:45:00+00:00,99612.515
2026-07-07T05:00:00+00:00,99612.515
2026-07-07T05:15:00+00:00,99612.515
2026-07-07T05:30:00+00:00,99612.515
2026-07-07T05:45:00+00:00,99612.515
2026-07-07T06:00:00+00:00,99612.515
2026-07-07T06:15:00+00:00,99612.515
2026-07-07T06:30:00+00:00,99612.515
2026-07-07T06:45:00+00:00,99612.515
2026-07-07T07:00:00+00:00,99612.515
2026-07-07T07:15:00+00:00,99612.515
2026-07-07T07:30:00+00:00,99612.515
2026-07-07T07:45:00+00:00,99612.515
2026-07-07T08:00:00+00:00,99612.515
2026-07-07T08:15:00+00:00,99612.515
2026-07-07T08:30:00+00:00,99612.515
2026-07-07T08:45:00+00:00,99612.515
2026-07-07T09:00:00+00:00,99612.515
2026-07-07T09:15:00+00:00,99612.515
2026-07-07T09:30:00+00:00,99612.515
2026-07-07T09:45:00+00:00,99612.515
2026-07-08T03:45:00+00:00,99612.515
2026-07-08T04:00:00+00:00,99612.515
2026-07-08T04:15:00+00:00,99612.515
2026-07-08T04:30:00+00:00,99612.515
2026-07-08T04:45:00+00:00,99612.515
2026-07-08T05:00:00+00:00,99612.515
2026-07-08T05:15:00+00:00,99612.515
2026-07-08T05:30:00+00:00,99612.515
2026-07-08T05:45:00+00:00,99612.515
2026-07-08T06:00:00+00:00,99612.515
2026-07-08T06:15:00+00:00,99612.515
2026-07-08T06:30:00+00:00,99612.515
2026-07-08T06:45:00+00:00,99612.515
2026-07-08T07:00:00+00:00,99612.515
2026-07-08T07:15:00+00:00,99612.515
2026-07-08T07:30:00+00:00,99612.515
2026-07-08T07:45:00+00:00,99612.515
2026-07-08T08:00:00+00:00,99612.515
2026-07-08T08:15:00+00:00,99612.515
2026-07-08T08:30:00+00:00,99612.515
2026-07-08T08:45:00+00:00,99612.515
2026-07-08T09:00:00+00:00,99612.515
2026-07-08T09:15:00+00:00,99612.515
2026-07-08T09:30:00+00:00,99612.515
2026-07-08T09:45:00+00:00,99612.515
2026-07-09T03:45:00+00:00,99612.515
2026-07-09T04:00:00+00:00,99718.9874
2026-07-09T04:15:00+00:00,99696.9266
2026-07-09T04:30:00+00:00,99696.9266
2026-07-09T04:45:00+00:00,99696.9266
2026-07-09T05:00:00+00:00,99696.9266
2026-07-09T05:15:00+00:00,99696.9266
2026-07-09T05:30:00+00:00,99696.9266
2026-07-09T05:45:00+00:00,99696.9266
2026-07-09T06:00:00+00:00,99696.9266
2026-07-09T06:15:00+00:00,99696.9266
2026-07-09T06:30:00+00:00,99696.9266
2026-07-09T06:45:00+00:00,99696.9266
2026-07-09T07:00:00+00:00,99696.9266
2026-07-09T07:15:00+00:00,99696.9266
2026-07-09T07:30:00+00:00,99696.9266
2026-07-09T07:45:00+00:00,99696.9266
2026-07-09T08:00:00+00:00,99696.9266
2026-07-09T08:15:00+00:00,99696.9266
2026-07-09T08:30:00+00:00,99696.9266
2026-07-09T08:45:00+00:00,99696.9266
2026-07-09T09:00:00+00:00,99696.9266
2026-07-09T09:15:00+00:00,99696.9266
2026-07-09T09:30:00+00:00,99696.9266
2026-07-09T09:45:00+00:00,99696.9266
2026-07-10T03:45:00+00:00,99696.9266
2026-07-10T04:00:00+00:00,99618.9553
2026-07-10T04:15:00+00:00,99646.4553
2026-07-10T04:30:00+00:00,99712.4553
2026-07-10T04:45:00+00:00,99627.7553
2026-07-10T05:00:00+00:00,99582.6553
2026-07-10T05:15:00+00:00,99496.8553
2026-07-10T05:30:00+00:00,99477.0553
2026-07-10T05:45:00+00:00,99493.5553
2026-07-10T06:00:00+00:00,99516.6553
2026-07-10T06:15:00+00:00,99429.7553
2026-07-10T06:30:00+00:00,99494.6553
2026-07-10T06:45:00+00:00,99550.7553
2026-07-10T07:00:00+00:00,99517.7553
2026-07-10T07:15:00+00:00,99507.8553
2026-07-10T07:30:00+00:00,99546.3553
2026-07-10T07:45:00+00:00,99537.5553
2026-07-10T08:00:00+00:00,99547.4553
2026-07-10T08:15:00+00:00,99516.6553
2026-07-10T08:30:00+00:00,99456.1553
2026-07-10T08:45:00+00:00,99523.2553
2026-07-10T09:00:00+00:00,99500.4347
2026-07-10T09:15:00+00:00,99500.4347
2026-07-10T09:30:00+00:00,99500.4347
2026-07-10T09:45:00+00:00,99500.4347
2026-07-13T03:45:00+00:00,99500.4347
2026-07-13T04:00:00+00:00,99500.4347
2026-07-13T04:15:00+00:00,99500.4347
2026-07-13T04:30:00+00:00,99500.4347
2026-07-13T04:45:00+00:00,99500.4347
2026-07-13T05:00:00+00:00,99500.4347
2026-07-13T05:15:00+00:00,99500.4347
2026-07-13T05:30:00+00:00,99500.4347
2026-07-13T05:45:00+00:00,99500.4347
2026-07-13T06:00:00+00:00,99500.4347
2026-07-13T06:15:00+00:00,99500.4347
2026-07-13T06:30:00+00:00,99533.5689
2026-07-13T06:45:00+00:00,99441.1689
2026-07-13T07:00:00+00:00,99533.5689
2026-07-13T07:15:00+00:00,99587.4689
2026-07-13T07:30:00+00:00,99563.2689
2026-07-13T07:45:00+00:00,99454.3689
2026-07-13T08:00:00+00:00,99443.3689
2026-07-13T08:15:00+00:00,99401.5689
2026-07-13T08:30:00+00:00,99403.7689
2026-07-13T08:45:00+00:00,99401.5689
2026-07-13T09:00:00+00:00,99384.1713
2026-07-13T09:15:00+00:00,99384.1713
2026-07-13T09:30:00+00:00,99384.1713
2026-07-13T09:45:00+00:00,99384.1713
2026-07-14T03:45:00+00:00,99384.1713
2026-07-14T04:00:00+00:00,99384.1713
2026-07-14T04:15:00+00:00,99384.1713
2026-07-14T04:30:00+00:00,99384.1713
2026-07-14T04:45:00+00:00,99384.1713
2026-07-14T05:00:00+00:00,99384.1713
2026-07-14T05:15:00+00:00,99384.1713
2026-07-14T05:30:00+00:00,99384.1713
2026-07-14T05:45:00+00:00,99384.1713
2026-07-14T06:00:00+00:00,99384.1713
2026-07-14T06:15:00+00:00,99384.1713
2026-07-14T06:30:00+00:00,99384.1713
2026-07-14T06:45:00+00:00,99384.1713
2026-07-14T07:00:00+00:00,99384.1713
2026-07-14T07:15:00+00:00,99384.1713
2026-07-14T07:30:00+00:00,99384.1713
2026-07-14T07:45:00+00:00,99384.1713
2026-07-14T08:00:00+00:00,99384.1713
2026-07-14T08:15:00+00:00,99384.1713
2026-07-14T08:30:00+00:00,99384.1713
2026-07-14T08:45:00+00:00,99384.1713
2026-07-14T09:00:00+00:00,99384.1713
2026-07-14T09:15:00+00:00,99384.1713
2026-07-14T09:30:00+00:00,99384.1713
2026-07-14T09:45:00+00:00,99384.1713
2026-07-15T03:45:00+00:00,99384.1713
2026-07-15T04:00:00+00:00,99384.1713
2026-07-15T04:15:00+00:00,99384.1713
2026-07-15T04:30:00+00:00,99384.1713
2026-07-15T04:45:00+00:00,99384.1713
2026-07-15T05:00:00+00:00,99384.1713
2026-07-15T05:15:00+00:00,99384.1713
2026-07-15T05:30:00+00:00,99384.1713
2026-07-15T05:45:00+00:00,99384.1713
2026-07-15T06:00:00+00:00,99384.1713
2026-07-15T06:15:00+00:00,99384.1713
2026-07-15T06:30:00+00:00,99384.1713
2026-07-15T06:45:00+00:00,99384.1713
2026-07-15T07:00:00+00:00,99384.1713
2026-07-15T07:15:00+00:00,99384.1713
2026-07-15T07:30:00+00:00,99384.1713
2026-07-15T07:45:00+00:00,99384.1713
2026-07-15T08:00:00+00:00,99384.1713
2026-07-15T08:15:00+00:00,99384.1713
2026-07-15T08:30:00+00:00,99384.1713
2026-07-15T08:45:00+00:00,99384.1713
2026-07-15T09:00:00+00:00,99384.1713
2026-07-15T09:15:00+00:00,99384.1713
2026-07-15T09:30:00+00:00,99384.1713
2026-07-15T09:45:00+00:00,99384.1713
2026-07-16T03:45:00+00:00,99384.1713
2026-07-16T04:00:00+00:00,99384.1713
2026-07-16T04:15:00+00:00,99384.1713
2026-07-16T04:30:00+00:00,99384.1713
2026-07-16T04:45:00+00:00,99384.1713
2026-07-16T05:00:00+00:00,99384.1713
2026-07-16T05:15:00+00:00,99384.1713
2026-07-16T05:30:00+00:00,99384.1713
2026-07-16T05:45:00+00:00,99384.1713
2026-07-16T06:00:00+00:00,99384.1713
2026-07-16T06:15:00+00:00,99384.1713
2026-07-16T06:30:00+00:00,99384.1713
2026-07-16T06:45:00+00:00,99384.1713
2026-07-16T07:00:00+00:00,99384.1713
2026-07-16T07:15:00+00:00,99384.1713
2026-07-16T07:30:00+00:00,99384.1713
2026-07-16T07:45:00+00:00,99384.1713
2026-07-16T08:00:00+00:00,99384.1713
2026-07-16T08:15:00+00:00,99384.1713
2026-07-16T08:30:00+00:00,99384.1713
2026-07-16T08:45:00+00:00,99384.1713
2026-07-16T09:00:00+00:00,99384.1713
2026-07-16T09:15:00+00:00,99384.1713
2026-07-16T09:30:00+00:00,99384.1713
2026-07-16T09:45:00+00:00,99384.1713
2026-07-17T03:45:00+00:00,99384.1713
2026-07-17T04:00:00+00:00,99384.1713
2026-07-17T04:15:00+00:00,99384.1713
2026-07-17T04:30:00+00:00,99384.1713
2026-07-17T04:45:00+00:00,99384.1713
2026-07-17T05:00:00+00:00,99384.1713
2026-07-17T05:15:00+00:00,99384.1713
2026-07-17T05:30:00+00:00,99384.1713
2026-07-17T05:45:00+00:00,99384.1713
2026-07-17T06:00:00+00:00,99384.1713
2026-07-17T06:15:00+00:00,99384.1713
2026-07-17T06:30:00+00:00,99384.1713
2026-07-17T06:45:00+00:00,99384.1713
2026-07-17T07:00:00+00:00,99384.1713
2026-07-17T07:15:00+00:00,99384.1713
2026-07-17T07:30:00+00:00,99384.1713
2026-07-17T07:45:00+00:00,99384.1713
2026-07-17T08:00:00+00:00,99384.1713
2026-07-17T08:15:00+00:00,99384.1713
2026-07-17T08:30:00+00:00,99384.1713
2026-07-17T08:45:00+00:00,99384.1713
2026-07-17T09:00:00+00:00,99384.1713
2026-07-17T09:15:00+00:00,99384.1713
2026-07-17T09:30:00+00:00,99384.1713
2026-07-17T09:45:00+00:00,99384.1713
2026-07-20T03:45:00+00:00,99384.1713
2026-07-20T04:00:00+00:00,99384.1713
2026-07-20T04:15:00+00:00,99384.1713
2026-07-20T04:30:00+00:00,99384.1713
2026-07-20T04:45:00+00:00,99384.1713
2026-07-20T05:00:00+00:00,99384.1713
2026-07-20T05:15:00+00:00,99384.1713
2026-07-20T05:30:00+00:00,99384.1713
2026-07-20T05:45:00+00:00,99384.1713
2026-07-20T06:00:00+00:00,99384.1713
2026-07-20T06:15:00+00:00,99384.1713
2026-07-20T06:30:00+00:00,99384.1713
2026-07-20T06:45:00+00:00,99384.1713
2026-07-20T07:00:00+00:00,99384.1713
2026-07-20T07:15:00+00:00,99384.1713
2026-07-20T07:30:00+00:00,99384.1713
2026-07-20T07:45:00+00:00,99384.1713
2026-07-20T08:00:00+00:00,99384.1713
2026-07-20T08:15:00+00:00,99384.1713
2026-07-20T08:30:00+00:00,99384.1713
2026-07-20T08:45:00+00:00,99384.1713
2026-07-20T09:00:00+00:00,99384.1713
2026-07-20T09:15:00+00:00,99384.1713
2026-07-20T09:30:00+00:00,99384.1713
2026-07-20T09:45:00+00:00,99384.1713
2026-07-21T03:45:00+00:00,99384.1713
2026-07-21T04:00:00+00:00,99384.1713
2026-07-21T04:15:00+00:00,99384.1713
2026-07-21T04:30:00+00:00,99384.1713
2026-07-21T04:45:00+00:00,99384.1713
2026-07-21T05:00:00+00:00,99384.1713
2026-07-21T05:15:00+00:00,99384.1713
2026-07-21T05:30:00+00:00,99384.1713
2026-07-21T05:45:00+00:00,99384.1713
2026-07-21T06:00:00+00:00,99384.1713
2026-07-21T06:15:00+00:00,99384.1713
2026-07-21T06:30:00+00:00,99384.1713
2026-07-21T06:45:00+00:00,99384.1713
2026-07-21T07:00:00+00:00,99384.1713
2026-07-21T07:15:00+00:00,99384.1713
2026-07-21T07:30:00+00:00,99384.1713
2026-07-21T07:45:00+00:00,99384.1713
2026-07-21T08:00:00+00:00,99384.1713
2026-07-21T08:15:00+00:00,99384.1713
2026-07-21T08:30:00+00:00,99384.1713
2026-07-21T08:45:00+00:00,99384.1713
2026-07-21T09:00:00+00:00,99384.1713
2026-07-21T09:15:00+00:00,99384.1713
2026-07-21T09:30:00+00:00,99384.1713
2026-07-21T09:45:00+00:00,99384.1713
2026-07-22T03:45:00+00:00,99384.1713
2026-07-22T04:00:00+00:00,99384.1713
2026-07-22T04:15:00+00:00,99384.1713
2026-07-22T04:30:00+00:00,99384.1713
2026-07-22T04:45:00+00:00,99384.1713
2026-07-22T05:00:00+00:00,99384.1713
2026-07-22T05:15:00+00:00,99384.1713
2026-07-22T05:30:00+00:00,99384.1713
2026-07-22T05:45:00+00:00,99384.1713
2026-07-22T06:00:00+00:00,99384.1713
2026-07-22T06:15:00+00:00,99384.1713
2026-07-22T06:30:00+00:00,99384.1713
2026-07-22T06:45:00+00:00,99384.1713
2026-07-22T07:00:00+00:00,99384.1713
2026-07-22T07:15:00+00:00,99384.1713
2026-07-22T07:30:00+00:00,99384.1713
2026-07-22T07:45:00+00:00,99384.1713
2026-07-22T08:00:00+00:00,99384.1713
2026-07-22T08:15:00+00:00,99384.1713
2026-07-22T08:30:00+00:00,99384.1713
2026-07-22T08:45:00+00:00,99384.1713
2026-07-22T09:00:00+00:00,99384.1713
2026-07-22T09:15:00+00:00,99384.1713
2026-07-22T09:30:00+00:00,99384.1713
2026-07-22T09:45:00+00:00,99384.1713
2026-07-23T03:45:00+00:00,99384.1713
2026-07-23T04:00:00+00:00,99384.1713
2026-07-23T04:15:00+00:00,99384.1713
2026-07-23T04:30:00+00:00,99384.1713
2026-07-23T04:45:00+00:00,99384.1713
2026-07-23T05:00:00+00:00,99384.1713
2026-07-23T05:15:00+00:00,99384.1713
2026-07-23T05:30:00+00:00,99384.1713
2026-07-23T05:45:00+00:00,99384.1713
2026-07-23T06:00:00+00:00,99384.1713
2026-07-23T06:15:00+00:00,99384.1713
2026-07-23T06:30:00+00:00,99384.1713
2026-07-23T06:45:00+00:00,99384.1713
2026-07-23T07:00:00+00:00,99384.1713
2026-07-23T07:15:00+00:00,99384.1713
2026-07-23T07:30:00+00:00,99384.1713
2026-07-23T07:45:00+00:00,99384.1713
2026-07-23T08:00:00+00:00,99384.1713
2026-07-23T08:15:00+00:00,99384.1713
2026-07-23T08:30:00+00:00,99384.1713
2026-07-23T08:45:00+00:00,99384.1713
2026-07-23T09:00:00+00:00,99384.1713
2026-07-23T09:15:00+00:00,99384.1713
2026-07-23T09:30:00+00:00,99384.1713
2026-07-23T09:45:00+00:00,99384.1713
2026-07-24T03:45:00+00:00,99384.1713
2026-07-24T04:00:00+00:00,99384.1713
2026-07-24T04:15:00+00:00,99384.1713
2026-07-24T04:30:00+00:00,99384.1713
2026-07-24T04:45:00+00:00,99384.1713
2026-07-24T05:00:00+00:00,99384.1713
2026-07-24T05:15:00+00:00,99384.1713
2026-07-24T05:30:00+00:00,99384.1713
2026-07-24T05:45:00+00:00,99384.1713
2026-07-24T06:00:00+00:00,99384.1713
2026-07-24T06:15:00+00:00,99384.1713
2026-07-24T06:30:00+00:00,99384.1713
2026-07-24T06:45:00+00:00,99384.1713
2026-07-24T07:00:00+00:00,99384.1713
2026-07-24T07:15:00+00:00,99384.1713
2026-07-24T07:30:00+00:00,99384.1713
2026-07-24T07:45:00+00:00,99384.1713
2026-07-24T08:00:00+00:00,99384.1713
2026-07-24T08:15:00+00:00,99384.1713
2026-07-24T08:30:00+00:00,99384.1713
2026-07-24T08:45:00+00:00,99384.1713
2026-07-24T09:00:00+00:00,99384.1713
2026-07-24T09:15:00+00:00,99384.1713
2026-07-24T09:30:00+00:00,99384.1713
2026-07-24T09:45:00+00:00,99384.1713
2026-07-27T03:45:00+00:00,99384.1713
2026-07-27T04:00:00+00:00,99384.1713
2026-07-27T04:15:00+00:00,99384.1713
2026-07-27T04:30:00+00:00,99384.1713
2026-07-27T04:45:00+00:00,99384.1713
2026-07-27T05:00:00+00:00,99384.1713
2026-07-27T05:15:00+00:00,99384.1713
2026-07-27T05:30:00+00:00,99384.1713
2026-07-27T05:45:00+00:00,99384.1713
2026-07-27T06:00:00+00:00,99384.1713
2026-07-27T06:15:00+00:00,99384.1713
2026-07-27T06:30:00+00:00,99384.1713
2026-07-27T06:45:00+00:00,99384.1713
2026-07-27T07:00:00+00:00,99384.1713
2026-07-27T07:15:00+00:00,99384.1713
2026-07-27T07:30:00+00:00,99384.1713
2026-07-27T07:45:00+00:00,99384.1713
2026-07-27T08:00:00+00:00,99384.1713
2026-07-27T08:15:00+00:00,99384.1713
2026-07-27T08:30:00+00:00,99384.1713
2026-07-27T08:45:00+00:00,99384.1713
2026-07-27T09:00:00+00:00,99384.1713
2026-07-27T09:15:00+00:00,99384.1713
2026-07-27T09:30:00+00:00,99384.1713
2026-07-27T09:45:00+00:00,99384.1713
2026-07-28T03:45:00+00:00,99384.1713
2026-07-28T04:00:00+00:00,99384.1713
2026-07-28T04:15:00+00:00,99384.1713
2026-07-28T04:30:00+00:00,99384.1713
2026-07-28T04:45:00+00:00,99384.1713
2026-07-28T05:00:00+00:00,99384.1713
2026-07-28T05:15:00+00:00,99384.1713
2026-07-28T05:30:00+00:00,99384.1713
2026-07-28T05:45:00+00:00,99384.1713
2026-07-28T06:00:00+00:00,99384.1713
2026-07-28T06:15:00+00:00,99384.1713
2026-07-28T06:30:00+00:00,99384.1713
2026-07-28T06:45:00+00:00,99384.1713
2026-07-28T07:00:00+00:00,99384.1713
2026-07-28T07:15:00+00:00,99384.1713
2026-07-28T07:30:00+00:00,99384.1713
2026-07-28T07:45:00+00:00,99384.1713
2026-07-28T08:00:00+00:00,99384.1713
2026-07-28T08:15:00+00:00,99384.1713
2026-07-28T08:30:00+00:00,99384.1713
2026-07-28T08:45:00+00:00,99384.1713
2026-07-28T09:00:00+00:00,99384.1713
2026-07-28T09:15:00+00:00,99384.1713
2026-07-28T09:30:00+00:00,99384.1713
2026-07-28T09:45:00+00:00,99384.1713
2026-07-29T03:45:00+00:00,99384.1713
2026-07-29T04:00:00+00:00,99384.1713
2026-07-29T04:15:00+00:00,99384.1713
2026-07-29T04:30:00+00:00,99384.1713
2026-07-29T04:45:00+00:00,99384.1713
2026-07-29T05:00:00+00:00,99384.1713
2026-07-29T05:15:00+00:00,99384.1713
2026-07-29T05:30:00+00:00,99384.1713
2026-07-29T05:45:00+00:00,99384.1713
2026-07-29T06:00:00+00:00,99384.1713
2026-07-29T06:15:00+00:00,99384.1713
2026-07-29T06:30:00+00:00,99384.1713
2026-07-29T06:45:00+00:00,99384.1713
2026-07-29T07:00:00+00:00,99384.1713
2026-07-29T07:15:00+00:00,99384.1713
2026-07-29T07:30:00+00:00,99384.1713
2026-07-29T07:45:00+00:00,99384.1713
2026-07-29T08:00:00+00:00,99384.1713
2026-07-29T08:15:00+00:00,99384.1713
2026-07-29T08:30:00+00:00,99384.1713
2026-07-29T08:45:00+00:00,99384.1713
2026-07-29T09:00:00+00:00,99384.1713
2026-07-29T09:15:00+00:00,99384.1713
2026-07-29T09:30:00+00:00,99384.1713
2026-07-29T09:45:00+00:00,99384.1713
2026-07-30T03:45:00+00:00,99384.1713
2026-07-30T04:00:00+00:00,99384.1713
2026-07-30T04:15:00+00:00,99384.1713
2026-07-30T04:30:00+00:00,99384.1713
2026-07-30T04:45:00+00:00,99384.1713
2026-07-30T05:00:00+00:00,99384.1713
2026-07-30T05:15:00+00:00,99384.1713
2026-07-30T05:30:00+00:00,99384.1713
2026-07-30T05:45:00+00:00,99384.1713
2026-07-30T06:00:00+00:00,99384.1713
2026-07-30T06:15:00+00:00,99384.1713
2026-07-30T06:30:00+00:00,99384.1713
2026-07-30T06:45:00+00:00,99384.1713
2026-07-30T07:00:00+00:00,99384.1713
2026-07-30T07:15:00+00:00,99384.1713
2026-07-30T07:30:00+00:00,99384.1713
2026-07-30T07:45:00+00:00,99384.1713
2026-07-30T08:00:00+00:00,99384.1713
2026-07-30T08:15:00+00:00,99384.1713
2026-07-30T08:30:00+00:00,99384.1713
2026-07-30T08:45:00+00:00,99384.1713
2026-07-30T09:00:00+00:00,99384.1713
2026-07-30T09:15:00+00:00,99384.1713
2026-07-30T09:30:00+00:00,99384.1713
2026-07-30T09:45:00+00:00,99384.1713
2026-07-31T03:45:00+00:00,99384.1713
2026-07-31T04:00:00+00:00,99440.6733
2026-07-31T04:15:00+00:00,99411.1013
2026-07-31T04:30:00+00:00,99411.1013
2026-07-31T04:45:00+00:00,99411.1013
2026-07-31T05:00:00+00:00,99411.1013
2026-07-31T05:15:00+00:00,99411.1013
2026-07-31T05:30:00+00:00,99411.1013
2026-07-31T05:45:00+00:00,99411.1013
2026-07-31T06:00:00+00:00,99411.1013
2026-07-31T06:15:00+00:00,99411.1013
2026-07-31T06:30:00+00:00,99411.1013
2026-07-31T06:45:00+00:00,99411.1013
2026-07-31T07:00:00+00:00,99411.1013
2026-07-31T07:15:00+00:00,99411.1013
2026-07-31T07:30:00+00:00,99411.1013
2026-07-31T07:45:00+00:00,99411.1013
2026-07-31T08:00:00+00:00,99411.1013
2026-07-31T08:15:00+00:00,99411.1013
2026-07-31T08:30:00+00:00,99411.1013
2026-07-31T08:45:00+00:00,99411.1013
2026-07-31T09:00:00+00:00,99411.1013
2026-07-31T09:15:00+00:00,99411.1013
2026-07-31T09:30:00+00:00,99411.1013
2026-07-31T09:45:00+00:00,99411.1013
2026-08-03T03:45:00+00:00,99411.1013
2026-08-03T04:00:00+00:00,99411.1013
2026-08-03T04:15:00+00:00,99411.1013
2026-08-03T04:30:00+00:00,99411.1013
2026-08-03T04:45:00+00:00,99411.1013
2026-08-03T05:00:00+00:00,99411.1013
2026-08-03T05:15:00+00:00,99411.1013
2026-08-03T05:30:00+00:00,99411.1013
2026-08-03T05:45:00+00:00,99411.1013
2026-08-03T06:00:00+00:00,99411.1013
2026-08-03T06:15:00+00:00,99411.1013
2026-08-03T06:30:00+00:00,99411.1013
2026-08-03T06:45:00+00:00,99411.1013
2026-08-03T07:00:00+00:00,99411.1013
2026-08-03T07:15:00+00:00,99411.1013
2026-08-03T07:30:00+00:00,99411.1013
2026-08-03T07:45:00+00:00,99411.1013
2026-08-03T08:00:00+00:00,99411.1013
2026-08-03T08:15:00+00:00,99411.1013
2026-08-03T08:30:00+00:00,99411.1013
2026-08-03T08:45:00+00:00,99411.1013
2026-08-03T09:00:00+00:00,99411.1013
2026-08-03T09:15:00+00:00,99411.1013
2026-08-03T09:30:00+00:00,99411.1013
2026-08-03T09:45:00+00:00,99411.1013
2026-08-04T03:45:00+00:00,99411.1013
2026-08-04T04:00:00+00:00,99411.1013
2026-08-04T04:15:00+00:00,99411.1013
2026-08-04T04:30:00+00:00,99411.1013
2026-08-04T04:45:00+00:00,99411.1013
2026-08-04T05:00:00+00:00,99411.1013
2026-08-04T05:15:00+00:00,99411.1013
2026-08-04T05:30:00+00:00,99411.1013
2026-08-04T05:45:00+00:00,99411.1013
2026-08-04T06:00:00+00:00,99411.1013
2026-08-04T06:15:00+00:00,99411.1013
2026-08-04T06:30:00+00:00,99411.1013
2026-08-04T06:45:00+00:00,99411.1013
2026-08-04T07:00:00+00:00,99411.1013
2026-08-04T07:15:00+00:00,99411.1013
2026-08-04T07:30:00+00:00,99411.1013
2026-08-04T07:45:00+00:00,99411.1013
2026-08-04T08:00:00+00:00,99411.1013
2026-08-04T08:15:00+00:00,99411.1013
2026-08-04T08:30:00+00:00,99411.1013
2026-08-04T08:45:00+00:00,99411.1013
2026-08-04T09:00:00+00:00,99411.1013
2026-08-04T09:15:00+00:00,99411.1013
2026-08-04T09:30:00+00:00,99411.1013
2026-08-04T09:45:00+00:00,99411.1013
2026-08-05T03:45:00+00:00,99411.1013
2026-08-05T04:00:00+00:00,99411.1013
2026-08-05T04:15:00+00:00,99411.1013
2026-08-05T04:30:00+00:00,99411.1013
2026-08-05T04:45:00+00:00,99411.1013
2026-08-05T05:00:00+00:00,99411.1013
2026-08-05T05:15:00+00:00,99411.1013
2026-08-05T05:30:00+00:00,99411.1013
2026-08-05T05:45:00+00:00,99411.1013
2026-08-05T06:00:00+00:00,99411.1013
2026-08-05T06:15:00+00:00,99411.1013
2026-08-05T06:30:00+00:00,99411.1013
2026-08-05T06:45:00+00:00,99411.1013
2026-08-05T07:00:00+00:00,99411.1013
2026-08-05T07:15:00+00:00,99411.1013
2026-08-05T07:30:00+00:00,99411.1013
2026-08-05T07:45:00+00:00,99411.1013
2026-08-05T08:00:00+00:00,99411.1013
2026-08-05T08:15:00+00:00,99411.1013
2026-08-05T08:30:00+00:00,99411.1013
2026-08-05T08:45:00+00:00,99411.1013
2026-08-05T09:00:00+00:00,99411.1013
2026-08-05T09:15:00+00:00,99411.1013
2026-08-05T09:30:00+00:00,99411.1013
2026-08-05T09:45:00+00:00,99411.1013
2026-08-06T03:45:00+00:00,99411.1013
2026-08-06T04:00:00+00:00,99411.1013
2026-08-06T04:15:00+00:00,99411.1013
2026-08-06T04:30:00+00:00,99411.1013
2026-08-06T04:45:00+00:00,99411.1013
2026-08-06T05:00:00+00:00,99411.1013
2026-08-06T05:15:00+00:00,99411.1013
2026-08-06T05:30:00+00:00,99411.1013
2026-08-06T05:45:00+00:00,99411.1013
2026-08-06T06:00:00+00:00,99411.1013
2026-08-06T06:15:00+00:00,99411.1013
2026-08-06T06:30:00+00:00,99411.1013
2026-08-06T06:45:00+00:00,99411.1013
2026-08-06T07:00:00+00:00,99411.1013
2026-08-06T07:15:00+00:00,99411.1013
2026-08-06T07:30:00+00:00,99411.1013
2026-08-06T07:45:00+00:00,99411.1013
2026-08-06T08:00:00+00:00,99411.1013
2026-08-06T08:15:00+00:00,99411.1013
2026-08-06T08:30:00+00:00,99411.1013
2026-08-06T08:45:00+00:00,99411.1013
2026-08-06T09:00:00+00:00,99411.1013
2026-08-06T09:15:00+00:00,99411.1013
2026-08-06T09:30:00+00:00,99411.1013
2026-08-06T09:45:00+00:00,99411.1013
2026-08-07T03:45:00+00:00,99411.1013
2026-08-07T04:00:00+00:00,99411.1013
2026-08-07T04:15:00+00:00,99411.1013
2026-08-07T04:30:00+00:00,99411.1013
2026-08-07T04:45:00+00:00,99411.1013
2026-08-07T05:00:00+00:00,99411.1013
2026-08-07T05:15:00+00:00,99411.1013
2026-08-07T05:30:00+00:00,99411.1013
2026-08-07T05:45:00+00:00,99411.1013
2026-08-07T06:00:00+00:00,99411.1013
2026-08-07T06:15:00+00:00,99411.1013
2026-08-07T06:30:00+00:00,99411.1013
2026-08-07T06:45:00+00:00,99411.1013
2026-08-07T07:00:00+00:00,99411.1013
2026-08-07T07:15:00+00:00,99411.1013
2026-08-07T07:30:00+00:00,99411.1013
2026-08-07T07:45:00+00:00,99411.1013
2026-08-07T08:00:00+00:00,99411.1013
2026-08-07T08:15:00+00:00,99411.1013
2026-08-07T08:30:00+00:00,99411.1013
2026-08-07T08:45:00+00:00,99411.1013
2026-08-07T09:00:00+00:00,99411.1013
2026-08-07T09:15:00+00:00,99411.1013
2026-08-07T09:30:00+00:00,99411.1013
2026-08-07T09:45:00+00:00,99411.1013
2026-08-10T03:45:00+00:00,99411.1013
2026-08-10T04:00:00+00:00,99411.1013
2026-08-10T04:15:00+00:00,99411.1013
2026-08-10T04:30:00+00:00,99411.1013
2026-08-10T04:45:00+00:00,99411.1013
2026-08-10T05:00:00+00:00,99411.1013
2026-08-10T05:15:00+00:00,99411.1013
2026-08-10T05:30:00+00:00,99411.1013
2026-08-10T05:45:00+00:00,99411.1013
2026-08-10T06:00:00+00:00,99411.1013
2026-08-10T06:15:00+00:00,99411.1013
2026-08-10T06:30:00+00:00,99411.1013
2026-08-10T06:45:00+00:00,99411.1013
2026-08-10T07:00:00+00:00,99411.1013
2026-08-10T07:15:00+00:00,99411.1013
2026-08-10T07:30:00+00:00,99411.1013
2026-08-10T07:45:00+00:00,99411.1013
2026-08-10T08:00:00+00:00,99411.1013
2026-08-10T08:15:00+00:00,99411.1013
2026-08-10T08:30:00+00:00,99411.1013
2026-08-10T08:45:00+00:00,99411.1013
2026-08-10T09:00:00+00:00,99411.1013
2026-08-10T09:15:00+00:00,99411.1013
2026-08-10T09:30:00+00:00,99411.1013
2026-08-10T09:45:00+00:00,99411.1013
2026-08-11T03:45:00+00:00,99411.1013
2026-08-11T04:00:00+00:00,99411.1013
2026-08-11T04:15:00+00:00,99411.1013
2026-08-11T04:30:00+00:00,99411.1013
2026-08-11T04:45:00+00:00,99411.1013
2026-08-11T05:00:00+00:00,99411.1013
2026-08-11T05:15:00+00:00,99411.1013
2026-08-11T05:30:00+00:00,99411.1013
2026-08-11T05:45:00+00:00,99411.1013
2026-08-11T06:00:00+00:00,99411.1013
2026-08-11T06:15:00+00:00,99411.1013
2026-08-11T06:30:00+00:00,99411.1013
2026-08-11T06:45:00+00:00,99411.1013
2026-08-11T07:00:00+00:00,99411.1013
2026-08-11T07:15:00+00:00,99411.1013
2026-08-11T07:30:00+00:00,99411.1013
2026-08-11T07:45:00+00:00,99411.1013
2026-08-11T08:00:00+00:00,99411.1013
2026-08-11T08:15:00+00:00,99411.1013
2026-08-11T08:30:00+00:00,99411.1013
2026-08-11T08:45:00+00:00,99411.1013
2026-08-11T09:00:00+00:00,99411.1013
2026-08-11T09:15:00+00:00,99411.1013
2026-08-11T09:30:00+00:00,99411.1013
2026-08-11T09:45:00+00:00,99411.1013
2026-08-12T03:45:00+00:00,99411.1013
2026-08-12T04:00:00+00:00,99411.1013
2026-08-12T04:15:00+00:00,99411.1013
2026-08-12T04:30:00+00:00,99411.1013
2026-08-12T04:45:00+00:00,99411.1013
2026-08-12T05:00:00+00:00,99411.1013
2026-08-12T05:15:00+00:00,99411.1013
2026-08-12T05:30:00+00:00,99398.6473
2026-08-12T05:45:00+00:00,99369.6473
2026-08-12T06:00:00+00:00,99345.2123
2026-08-12T06:15:00+00:00,99345.2123
2026-08-12T06:30:00+00:00,99345.2123
2026-08-12T06:45:00+00:00,99345.2123
2026-08-12T07:00:00+00:00,99345.2123
2026-08-12T07:15:00+00:00,99345.2123
2026-08-12T07:30:00+00:00,99345.2123
2026-08-12T07:45:00+00:00,99345.2123
2026-08-12T08:00:00+00:00,99345.2123
2026-08-12T08:15:00+00:00,99345.2123
2026-08-12T08:30:00+00:00,99345.2123
2026-08-12T08:45:00+00:00,99345.2123
2026-08-12T09:00:00+00:00,99345.2123
2026-08-12T09:15:00+00:00,99345.2123
2026-08-12T09:30:00+00:00,99345.2123
2026-08-12T09:45:00+00:00,99345.2123
2026-08-13T03:45:00+00:00,99345.2123
2026-08-13T04:00:00+00:00,99345.2123
2026-08-13T04:15:00+00:00,99345.2123
2026-08-13T04:30:00+00:00,99345.2123
2026-08-13T04:45:00+00:00,99345.2123
2026-08-13T05:00:00+00:00,99345.2123
2026-08-13T05:15:00+00:00,99345.2123
2026-08-13T05:30:00+00:00,99345.2123
2026-08-13T05:45:00+00:00,99345.2123
2026-08-13T06:00:00+00:00,99345.2123
2026-08-13T06:15:00+00:00,99345.2123
2026-08-13T06:30:00+00:00,99345.2123
2026-08-13T06:45:00+00:00,99345.2123
2026-08-13T07:00:00+00:00,99345.2123
2026-08-13T07:15:00+00:00,99345.2123
2026-08-13T07:30:00+00:00,99345.2123
2026-08-13T07:45:00+00:00,99345.2123
2026-08-13T08:00:00+00:00,99345.2123
2026-08-13T08:15:00+00:00,99345.2123
2026-08-13T08:30:00+00:00,99345.2123
2026-08-13T08:45:00+00:00,99345.2123
2026-08-13T09:00:00+00:00,99345.2123
2026-08-13T09:15:00+00:00,99345.2123
2026-08-13T09:30:00+00:00,99345.2123
2026-08-13T09:45:00+00:00,99345.2123
2026-08-14T03:45:00+00:00,99345.2123
2026-08-14T04:00:00+00:00,99345.2123
2026-08-14T04:15:00+00:00,99345.2123
2026-08-14T04:30:00+00:00,99345.2123
2026-08-14T04:45:00+00:00,99345.2123
2026-08-14T05:00:00+00:00,99345.2123
2026-08-14T05:15:00+00:00,99345.2123
2026-08-14T05:30:00+00:00,99345.2123
2026-08-14T05:45:00+00:00,99345.2123
2026-08-14T06:00:00+00:00,99345.2123
2026-08-14T06:15:00+00:00,99345.2123
2026-08-14T06:30:00+00:00,99345.2123
2026-08-14T06:45:00+00:00,99345.2123
2026-08-14T07:00:00+00:00,99345.2123
2026-08-14T07:15:00+00:00,99345.2123
2026-08-14T07:30:00+00:00,99345.2123
2026-08-14T07:45:00+00:00,99345.2123
2026-08-14T08:00:00+00:00,99345.2123
2026-08-14T08:15:00+00:00,99345.2123
2026-08-14T08:30:00+00:00,99345.2123
2026-08-14T08:45:00+00:00,99345.2123
2026-08-14T09:00:00+00:00,99345.2123
2026-08-14T09:15:00+00:00,99345.2123
2026-08-14T09:30:00+00:00,99345.2123
2026-08-14T09:45:00+00:00,99345.2123
2026-08-17T03:45:00+00:00,99345.2123
2026-08-17T04:00:00+00:00,99345.2123
2026-08-17T04:15:00+00:00,99345.2123
2026-08-17T04:30:00+00:00,99345.2123
2026-08-17T04:45:00+00:00,99345.2123
2026-08-17T05:00:00+00:00,99345.2123
2026-08-17T05:15:00+00:00,99345.2123
2026-08-17T05:30:00+00:00,99345.2123
2026-08-17T05:45:00+00:00,99345.2123
2026-08-17T06:00:00+00:00,99345.2123
2026-08-17T06:15:00+00:00,99345.2123
2026-08-17T06:30:00+00:00,99345.2123
2026-08-17T06:45:00+00:00,99345.2123
2026-08-17T07:00:00+00:00,99345.2123
2026-08-17T07:15:00+00:00,99345.2123
2026-08-17T07:30:00+00:00,99345.2123
2026-08-17T07:45:00+00:00,99345.2123
2026-08-17T08:00:00+00:00,99345.2123
2026-08-17T08:15:00+00:00,99345.2123
2026-08-17T08:30:00+00:00,99345.2123
2026-08-17T08:45:00+00:00,99345.2123
2026-08-17T09:00:00+00:00,99345.2123
2026-08-17T09:15:00+00:00,99345.2123
2026-08-17T09:30:00+00:00,99345.2123
2026-08-17T09:45:00+00:00,99345.2123
2026-08-18T03:45:00+00:00,99345.2123
2026-08-18T04:00:00+00:00,99345.2123
2026-08-18T04:15:00+00:00,99345.2123
2026-08-18T04:30:00+00:00,99345.2123
2026-08-18T04:45:00+00:00,99345.2123
2026-08-18T05:00:00+00:00,99345.2123
2026-08-18T05:15:00+00:00,99345.2123
2026-08-18T05:30:00+00:00,99345.2123
2026-08-18T05:45:00+00:00,99345.2123
2026-08-18T06:00:00+00:00,99345.2123
2026-08-18T06:15:00+00:00,99345.2123
2026-08-18T06:30:00+00:00,99345.2123
2026-08-18T06:45:00+00:00,99345.2123
2026-08-18T07:00:00+00:00,99345.2123
2026-08-18T07:15:00+00:00,99345.2123
2026-08-18T07:30:00+00:00,99345.2123
2026-08-18T07:45:00+00:00,99345.2123
2026-08-18T08:00:00+00:00,99345.2123
2026-08-18T08:15:00+00:00,99345.2123
2026-08-18T08:30:00+00:00,99345.2123
2026-08-18T08:45:00+00:00,99345.2123
2026-08-18T09:00:00+00:00,99345.2123
2026-08-18T09:15:00+00:00,99345.2123
2026-08-18T09:30:00+00:00,99345.2123
2026-08-18T09:45:00+00:00,99345.2123
2026-08-19T03:45:00+00:00,99345.2123
2026-08-19T04:00:00+00:00,99244.3293
2026-08-19T04:15:00+00:00,99196.3293
2026-08-19T04:30:00+00:00,99113.3293
2026-08-19T04:45:00+00:00,99078.3293
2026-08-19T05:00:00+00:00,99114.3293
2026-08-19T05:15:00+00:00,99052.3293
2026-08-19T05:30:00+00:00,99090.3293
2026-08-19T05:45:00+00:00,99208.3293
2026-08-19T06:00:00+00:00,99184.5613
2026-08-19T06:15:00+00:00,99184.5613
2026-08-19T06:30:00+00:00,99184.5613
2026-08-19T06:45:00+00:00,99184.5613
2026-08-19T07:00:00+00:00,99184.5613
2026-08-19T07:15:00+00:00,99184.5613
2026-08-19T07:30:00+00:00,99184.5613
2026-08-19T07:45:00+00:00,99184.5613
2026-08-19T08:00:00+00:00,99184.5613
2026-08-19T08:15:00+00:00,99184.5613
2026-08-19T08:30:00+00:00,99184.5613
2026-08-19T08:45:00+00:00,99184.5613
2026-08-19T09:00:00+00:00,99184.5613
2026-08-19T09:15:00+00:00,99184.5613
2026-08-19T09:30:00+00:00,99184.5613
2026-08-20T03:45:00+00:00,99184.5613
2026-08-20T04:00:00+00:00,99184.5613
2026-08-20T04:15:00+00:00,99184.5613
2026-08-20T04:30:00+00:00,99184.5613
2026-08-20T04:45:00+00:00,99184.5613
2026-08-20T05:00:00+00:00,99184.5613
2026-08-20T05:15:00+00:00,99184.5613
2026-08-20T05:30:00+00:00,99184.5613
2026-08-20T05:45:00+00:00,99184.5613
2026-08-20T06:00:00+00:00,99184.5613
2026-08-20T06:15:00+00:00,99184.5613
2026-08-20T06:30:00+00:00,99184.5613
2026-08-20T06:45:00+00:00,99184.5613
2026-08-20T07:00:00+00:00,99184.5613
2026-08-20T07:15:00+00:00,99184.5613
2026-08-20T07:30:00+00:00,99184.5613
2026-08-20T07:45:00+00:00,99184.5613
2026-08-20T08:00:00+00:00,99184.5613
2026-08-20T08:15:00+00:00,99184.5613
2026-08-20T08:30:00+00:00,99184.5613
2026-08-20T08:45:00+00:00,99184.5613
2026-08-20T09:00:00+00:00,99184.5613
2026-08-20T09:15:00+00:00,99184.5613
2026-08-20T09:30:00+00:00,99184.5613
2026-08-21T03:45:00+00:00,99184.5613
2026-08-21T04:00:00+00:00,99184.5613
2026-08-21T04:15:00+00:00,99184.5613
2026-08-21T04:30:00+00:00,99184.5613
2026-08-21T04:45:00+00:00,99184.5613
2026-08-21T05:00:00+00:00,99184.5613
2026-08-21T05:15:00+00:00,99184.5613
2026-08-21T05:30:00+00:00,99184.5613
2026-08-21T05:45:00+00:00,99184.5613
2026-08-21T06:00:00+00:00,99184.5613
2026-08-21T06:15:00+00:00,99184.5613
2026-08-21T06:30:00+00:00,99184.5613
2026-08-21T06:45:00+00:00,99184.5613
2026-08-21T07:00:00+00:00,99184.5613
2026-08-21T07:15:00+00:00,99184.5613
2026-08-21T07:30:00+00:00,99184.5613
2026-08-21T07:45:00+00:00,99184.5613
2026-08-21T08:00:00+00:00,99184.5613
2026-08-21T08:15:00+00:00,99184.5613
2026-08-21T08:30:00+00:00,99184.5613
2026-08-21T08:45:00+00:00,99184.5613
2026-08-21T09:00:00+00:00,99184.5613
2026-08-21T09:15:00+00:00,99184.5613
2026-08-21T09:30:00+00:00,99184.5613
2026-08-24T03:45:00+00:00,99184.5613
2026-08-24T04:00:00+00:00,99184.5613
2026-08-24T04:15:00+00:00,99184.5613
2026-08-24T04:30:00+00:00,99184.5613
2026-08-24T04:45:00+00:00,99184.5613
2026-08-24T05:00:00+00:00,99184.5613
2026-08-24T05:15:00+00:00,99184.5613
2026-08-24T05:30:00+00:00,99184.5613
2026-08-24T05:45:00+00:00,99184.5613
2026-08-24T06:00:00+00:00,99184.5613
2026-08-24T06:15:00+00:00,99184.5613
2026-08-24T06:30:00+00:00,99184.5613
2026-08-24T06:45:00+00:00,99184.5613
2026-08-24T07:00:00+00:00,99184.5613
2026-08-24T07:15:00+00:00,99184.5613
2026-08-24T07:30:00+00:00,99184.5613
2026-08-24T07:45:00+00:00,99184.5613
2026-08-24T08:00:00+00:00,99184.5613
2026-08-24T08:15:00+00:00,99184.5613
2026-08-24T08:30:00+00:00,99184.5613
2026-08-24T08:45:00+00:00,99184.5613
2026-08-24T09:00:00+00:00,99184.5613
2026-08-24T09:15:00+00:00,99184.5613
2026-08-24T09:30:00+00:00,99184.5613
2026-08-25T03:45:00+00:00,99184.5613
2026-08-25T04:00:00+00:00,99114.8013
2026-08-25T04:15:00+00:00,99081.8013
2026-08-25T04:30:00+00:00,99156.8013
2026-08-25T04:45:00+00:00,99139.0413
2026-08-25T05:00:00+00:00,99139.0413
2026-08-25T05:15:00+00:00,99139.0413
2026-08-25T05:30:00+00:00,99139.0413
2026-08-25T05:45:00+00:00,99139.0413
2026-08-25T06:00:00+00:00,99139.0413
2026-08-25T06:15:00+00:00,99139.0413
2026-08-25T06:30:00+00:00,99139.0413
2026-08-25T06:45:00+00:00,99139.0413
2026-08-25T07:00:00+00:00,99139.0413
2026-08-25T07:15:00+00:00,99139.0413
2026-08-25T07:30:00+00:00,99139.0413
2026-08-25T07:45:00+00:00,99139.0413
2026-08-25T08:00:00+00:00,99139.0413
2026-08-25T08:15:00+00:00,99139.0413
2026-08-25T08:30:00+00:00,99139.0413
2026-08-25T08:45:00+00:00,99139.0413
2026-08-25T09:00:00+00:00,99139.0413
2026-08-25T09:15:00+00:00,99139.0413
2026-08-25T09:30:00+00:00,99139.0413
2026-08-26T03:45:00+00:00,99139.0413
2026-08-26T04:00:00+00:00,99139.0413
2026-08-26T04:15:00+00:00,99139.0413
2026-08-26T04:30:00+00:00,99139.0413
2026-08-26T04:45:00+00:00,99139.0413
2026-08-26T05:00:00+00:00,99139.0413
2026-08-26T05:15:00+00:00,99139.0413
2026-08-26T05:30:00+00:00,99139.0413
2026-08-26T05:45:00+00:00,99139.0413
2026-08-26T06:00:00+00:00,99139.0413
2026-08-26T06:15:00+00:00,99139.0413
2026-08-26T06:30:00+00:00,99139.0413
2026-08-26T06:45:00+00:00,99139.0413
2026-08-26T07:00:00+00:00,99139.0413
2026-08-26T07:15:00+00:00,99139.0413
2026-08-26T07:30:00+00:00,99139.0413
2026-08-26T07:45:00+00:00,99139.0413
2026-08-26T08:00:00+00:00,99139.0413
2026-08-26T08:15:00+00:00,99139.0413
2026-08-26T08:30:00+00:00,99139.0413
2026-08-26T08:45:00+00:00,99139.0413
2026-08-26T09:00:00+00:00,99139.0413
2026-08-26T09:15:00+00:00,99139.0413
2026-08-26T09:30:00+00:00,99139.0413
2026-08-27T03:45:00+00:00,99139.0413
2026-08-27T04:00:00+00:00,99139.0413
2026-08-27T04:15:00+00:00,99139.0413
2026-08-27T04:30:00+00:00,99139.0413
2026-08-27T04:45:00+00:00,99139.0413
2026-08-27T05:00:00+00:00,99139.0413
2026-08-27T05:15:00+00:00,99139.0413
2026-08-27T05:30:00+00:00,99139.0413
2026-08-27T05:45:00+00:00,99139.0413
2026-08-27T06:00:00+00:00,99139.0413
2026-08-27T06:15:00+00:00,99139.0413
2026-08-27T06:30:00+00:00,99139.0413
2026-08-27T06:45:00+00:00,99139.0413
2026-08-27T07:00:00+00:00,99139.0413
2026-08-27T07:15:00+00:00,99139.0413
2026-08-27T07:30:00+00:00,99139.0413
2026-08-27T07:45:00+00:00,99139.0413
2026-08-27T08:00:00+00:00,99139.0413
2026-08-27T08:15:00+00:00,99139.0413
2026-08-27T08:30:00+00:00,99139.0413
2026-08-27T08:45:00+00:00,99139.0413
2026-08-27T09:00:00+00:00,99139.0413
2026-08-27T09:15:00+00:00,99139.0413
2026-08-27T09:30:00+00:00,99139.0413
2026-08-28T03:45:00+00:00,99139.0413
2026-08-28T04:00:00+00:00,99139.0413
2026-08-28T04:15:00+00:00,99139.0413
2026-08-28T04:30:00+00:00,99139.0413
2026-08-28T04:45:00+00:00,99139.0413
2026-08-28T05:00:00+00:00,99139.0413
2026-08-28T05:15:00+00:00,99139.0413
2026-08-28T05:30:00+00:00,99139.0413
2026-08-28T05:45:00+00:00,99139.0413
2026-08-28T06:00:00+00:00,99139.0413
2026-08-28T06:15:00+00:00,99139.0413
2026-08-28T06:30:00+00:00,99139.0413
2026-08-28T06:45:00+00:00,99139.0413
2026-08-28T07:00:00+00:00,99139.0413
2026-08-28T07:15:00+00:00,99139.0413
2026-08-28T07:30:00+00:00,99139.0413
2026-08-28T07:45:00+00:00,99139.0413
2026-08-28T08:00:00+00:00,99139.0413
2026-08-28T08:15:00+00:00,99139.0413
2026-08-28T08:30:00+00:00,99139.0413
2026-08-28T08:45:00+00:00,99139.0413
2026-08-28T09:00:00+00:00,99139.0413
2026-08-28T09:15:00+00:00,99139.0413
2026-08-28T09:30:00+00:00,99139.0413
2026-08-31T03:45:00+00:00,99139.0413
2026-08-31T04:00:00+00:00,99139.0413
2026-08-31T04:15:00+00:00,99139.0413
2026-08-31T04:30:00+00:00,99139.0413
2026-08-31T04:45:00+00:00,99139.0413
2026-08-31T05:00:00+00:00,99139.0413
2026-08-31T05:15:00+00:00,99139.0413
2026-08-31T05:30:00+00:00,99139.0413
2026-08-31T05:45:00+00:00,99139.0413
2026-08-31T06:00:00+00:00,99139.0413
2026-08-31T06:15:00+00:00,99139.0413
2026-08-31T06:30:00+00:00,99139.0413
2026-08-31T06:45:00+00:00,99139.0413
2026-08-31T07:00:00+00:00,99139.0413
2026-08-31T07:15:00+00:00,99139.0413
2026-08-31T07:30:00+00:00,99139.0413
2026-08-31T07:45:00+00:00,99139.0413
2026-08-31T08:00:00+00:00,99139.0413
2026-08-31T08:15:00+00:00,99139.0413
2026-08-31T08:30:00+00:00,99139.0413
2026-08-31T08:45:00+00:00,99139.0413
2026-08-31T09:00:00+00:00,99139.0413
2026-08-31T09:15:00+00:00,99139.0413
2026-08-31T09:30:00+00:00,99139.0413
2026-09-01T03:45:00+00:00,99139.0413
2026-09-01T04:00:00+00:00,99139.0413
2026-09-01T04:15:00+00:00,99139.0413
2026-09-01T04:30:00+00:00,99139.0413
2026-09-01T04:45:00+00:00,99139.0413
2026-09-01T05:00:00+00:00,99139.0413
2026-09-01T05:15:00+00:00,99139.0413
2026-09-01T05:30:00+00:00,99139.0413
2026-09-01T05:45:00+00:00,99139.0413
2026-09-01T06:00:00+00:00,99139.0413
2026-09-01T06:15:00+00:00,99139.0413
2026-09-01T06:30:00+00:00,99139.0413
2026-09-01T06:45:00+00:00,99139.0413
2026-09-01T07:00:00+00:00,99139.0413
2026-09-01T07:15:00+00:00,99139.0413
2026-09-01T07:30:00+00:00,99139.0413
2026-09-01T07:45:00+00:00,99139.0413
2026-09-01T08:00:00+00:00,99139.0413
2026-09-01T08:15:00+00:00,99139.0413
2026-09-01T08:30:00+00:00,99139.0413
2026-09-01T08:45:00+00:00,99139.0413
2026-09-01T09:00:00+00:00,99139.0413
2026-09-01T09:15:00+00:00,99139.0413
2026-09-01T09:30:00+00:00,99139.0413
2026-09-02T03:45:00+00:00,99139.0413
2026-09-02T04:00:00+00:00,99139.0413
2026-09-02T04:15:00+00:00,99139.0413
2026-09-02T04:30:00+00:00,99139.0413
2026-09-02T04:45:00+00:00,99139.0413
2026-09-02T05:00:00+00:00,99139.0413
2026-09-02T05:15:00+00:00,99139.0413
2026-09-02T05:30:00+00:00,99139.0413
2026-09-02T05:45:00+00:00,99139.0413
2026-09-02T06:00:00+00:00,99139.0413
2026-09-02T06:15:00+00:00,99139.0413
2026-09-02T06:30:00+00:00,99139.0413
2026-09-02T06:45:00+00:00,99139.0413
2026-09-02T07:00:00+00:00,99139.0413
2026-09-02T07:15:00+00:00,99139.0413
2026-09-02T07:30:00+00:00,99139.0413
2026-09-02T07:45:00+00:00,99139.0413
2026-09-02T08:00:00+00:00,99139.0413
2026-09-02T08:15:00+00:00,99139.0413
2026-09-02T08:30:00+00:00,99139.0413
2026-09-02T08:45:00+00:00,99139.0413
2026-09-02T09:00:00+00:00,99139.0413
2026-09-02T09:15:00+00:00,99139.0413
2026-09-02T09:30:00+00:00,99139.0413
2026-09-03T03:45:00+00:00,99139.0413
2026-09-03T04:00:00+00:00,99139.0413
2026-09-03T04:15:00+00:00,99139.0413
2026-09-03T04:30:00+00:00,99139.0413
2026-09-03T04:45:00+00:00,99139.0413
2026-09-03T05:00:00+00:00,99139.0413
2026-09-03T05:15:00+00:00,99139.0413
2026-09-03T05:30:00+00:00,99139.0413
2026-09-03T05:45:00+00:00,99139.0413
2026-09-03T06:00:00+00:00,99139.0413
2026-09-03T06:15:00+00:00,99139.0413
2026-09-03T06:30:00+00:00,99139.0413
2026-09-03T06:45:00+00:00,99139.0413
2026-09-03T07:00:00+00:00,99139.0413
2026-09-03T07:15:00+00:00,99139.0413
2026-09-03T07:30:00+00:00,99139.0413
2026-09-03T07:45:00+00:00,99139.0413
2026-09-03T08:00:00+00:00,99139.0413
2026-09-03T08:15:00+00:00,99139.0413
2026-09-03T08:30:00+00:00,99139.0413
2026-09-03T08:45:00+00:00,99139.0413
2026-09-03T09:00:00+00:00,99139.0413
2026-09-03T09:15:00+00:00,99139.0413
2026-09-03T09:30:00+00:00,99139.0413
2026-09-04T03:45:00+00:00,99139.0413
2026-09-04T04:00:00+00:00,99139.0413
2026-09-04T04:15:00+00:00,99139.0413
2026-09-04T04:30:00+00:00,99139.0413
2026-09-04T04:45:00+00:00,99139.0413
2026-09-04T05:00:00+00:00,99139.0413
2026-09-04T05:15:00+00:00,99139.0413
2026-09-04T05:30:00+00:00,99139.0413
2026-09-04T05:45:00+00:00,99139.0413
2026-09-04T06:00:00+00:00,99139.0413
2026-09-04T06:15:00+00:00,99139.0413
2026-09-04T06:30:00+00:00,99139.0413
2026-09-04T06:45:00+00:00,99139.0413
2026-09-04T07:00:00+00:00,99139.0413
2026-09-04T07:15:00+00:00,99139.0413
2026-09-04T07:30:00+00:00,99139.0413
2026-09-04T07:45:00+00:00,99139.0413
2026-09-04T08:00:00+00:00,99139.0413
2026-09-04T08:15:00+00:00,99139.0413
2026-09-04T08:30:00+00:00,99139.0413
2026-09-04T08:45:00+00:00,99139.0413
2026-09-04T09:00:00+00:00,99139.0413
2026-09-04T09:15:00+00:00,99139.0413
2026-09-04T09:30:00+00:00,99139.0413
2026-09-07T03:45:00+00:00,99139.0413
2026-09-07T04:00:00+00:00,99139.0413
2026-09-07T04:15:00+00:00,99139.0413
2026-09-07T04:30:00+00:00,99139.0413
2026-09-07T04:45:00+00:00,99139.0413
2026-09-07T05:00:00+00:00,99139.0413
2026-09-07T05:15:00+00:00,99139.0413
2026-09-07T05:30:00+00:00,99139.0413
2026-09-07T05:45:00+00:00,99139.0413
2026-09-07T06:00:00+00:00,99139.0413
2026-09-07T06:15:00+00:00,99139.0413
2026-09-07T06:30:00+00:00,99139.0413
2026-09-07T06:45:00+00:00,99139.0413
2026-09-07T07:00:00+00:00,99139.0413
2026-09-07T07:15:00+00:00,99139.0413
2026-09-07T07:30:00+00:00,99139.0413
2026-09-07T07:45:00+00:00,99139.0413
2026-09-07T08:00:00+00:00,99139.0413
2026-09-07T08:15:00+00:00,99139.0413
2026-09-07T08:30:00+00:00,99139.0413
2026-09-07T08:45:00+00:00,99139.0413
2026-09-07T09:00:00+00:00,99139.0413
2026-09-07T09:15:00+00:00,99139.0413
2026-09-07T09:30:00+00:00,99139.0413
2026-09-07T09:45:00+00:00,99139.0413
2026-09-08T03:45:00+00:00,99139.0413
2026-09-08T04:00:00+00:00,99139.0413
2026-09-08T04:15:00+00:00,99139.0413
2026-09-08T04:30:00+00:00,99139.0413
2026-09-08T04:45:00+00:00,99139.0413
2026-09-08T05:00:00+00:00,99139.0413
2026-09-08T05:15:00+00:00,99139.0413
2026-09-08T05:30:00+00:00,99139.0413
2026-09-08T05:45:00+00:00,99139.0413
2026-09-08T06:00:00+00:00,99139.0413
2026-09-08T06:15:00+00:00,99139.0413
2026-09-08T06:30:00+00:00,99139.0413
2026-09-08T06:45:00+00:00,99139.0413
2026-09-08T07:00:00+00:00,99139.0413
2026-09-08T07:15:00+00:00,99139.0413
2026-09-08T07:30:00+00:00,99139.0413
2026-09-08T07:45:00+00:00,99139.0413
2026-09-08T08:00:00+00:00,99139.0413
2026-09-08T08:15:00+00:00,99139.0413
2026-09-08T08:30:00+00:00,99139.0413
2026-09-08T08:45:00+00:00,99139.0413
2026-09-08T09:00:00+00:00,99139.0413
2026-09-08T09:15:00+00:00,99139.0413
2026-09-08T09:30:00+00:00,99139.0413
2026-09-08T09:45:00+00:00,99139.0413
2026-09-09T03:45:00+00:00,99139.0413
2026-09-09T04:00:00+00:00,99139.0413
2026-09-09T04:15:00+00:00,99139.0413
2026-09-09T04:30:00+00:00,99139.0413
2026-09-09T04:45:00+00:00,99139.0413
2026-09-09T05:00:00+00:00,99139.0413
2026-09-09T05:15:00+00:00,99139.0413
2026-09-09T05:30:00+00:00,99139.0413
2026-09-09T05:45:00+00:00,99139.0413
2026-09-09T06:00:00+00:00,99139.0413
2026-09-09T06:15:00+00:00,99139.0413
2026-09-09T06:30:00+00:00,99139.0413
2026-09-09T06:45:00+00:00,99139.0413
2026-09-09T07:00:00+00:00,99139.0413
2026-09-09T07:15:00+00:00,99139.0413
2026-09-09T07:30:00+00:00,99139.0413
2026-09-09T07:45:00+00:00,99139.0413
2026-09-09T08:00:00+00:00,99139.0413
2026-09-09T08:15:00+00:00,99139.0413
2026-09-09T08:30:00+00:00,99139.0413
2026-09-09T08:45:00+00:00,99139.0413
2026-09-09T09:00:00+00:00,99139.0413
2026-09-09T09:15:00+00:00,99139.0413
2026-09-09T09:30:00+00:00,99139.0413
2026-09-09T09:45:00+00:00,99139.0413
2026-09-10T03:45:00+00:00,99139.0413
2026-09-10T04:00:00+00:00,99139.0413
2026-09-10T04:15:00+00:00,99139.0413
2026-09-10T04:30:00+00:00,99139.0413
2026-09-10T04:45:00+00:00,99139.0413
2026-09-10T05:00:00+00:00,99139.0413
2026-09-10T05:15:00+00:00,99139.0413
2026-09-10T05:30:00+00:00,99139.0413
2026-09-10T05:45:00+00:00,99139.0413
2026-09-10T06:00:00+00:00,99139.0413
2026-09-10T06:15:00+00:00,99139.0413
2026-09-10T06:30:00+00:00,99139.0413
2026-09-10T06:45:00+00:00,99139.0413
2026-09-10T07:00:00+00:00,99139.0413
2026-09-10T07:15:00+00:00,99139.0413
2026-09-10T07:30:00+00:00,99139.0413
2026-09-10T07:45:00+00:00,99139.0413
2026-09-10T08:00:00+00:00,99139.0413
2026-09-10T08:15:00+00:00,99139.0413
2026-09-10T08:30:00+00:00,99139.0413
2026-09-10T08:45:00+00:00,99139.0413
2026-09-10T09:00:00+00:00,99139.0413
2026-09-10T09:15:00+00:00,99139.0413
2026-09-10T09:30:00+00:00,99139.0413
2026-09-10T09:45:00+00:00,99139.0413
2026-09-11T03:45:00+00:00,99139.0413
2026-09-11T04:00:00+00:00,99139.0413
2026-09-11T04:15:00+00:00,99139.0413
2026-09-11T04:30:00+00:00,99139.0413
2026-09-11T04:45:00+00:00,99139.0413
2026-09-11T05:00:00+00:00,99139.0413
2026-09-11T05:15:00+00:00,99139.0413
2026-09-11T05:30:00+00:00,99139.0413
2026-09-11T05:45:00+00:00,99139.0413
2026-09-11T06:00:00+00:00,99139.0413
2026-09-11T06:15:00+00:00,99139.0413
2026-09-11T06:30:00+00:00,99139.0413
2026-09-11T06:45:00+00:00,99139.0413
2026-09-11T07:00:00+00:00,99139.0413
2026-09-11T07:15:00+00:00,99139.0413
2026-09-11T07:30:00+00:00,99139.0413
2026-09-11T07:45:00+00:00,99139.0413
2026-09-11T08:00:00+00:00,99139.0413
2026-09-11T08:15:00+00:00,99139.0413
2026-09-11T08:30:00+00:00,99139.0413
2026-09-11T08:45:00+00:00,99139.0413
2026-09-11T09:00:00+00:00,99139.0413
2026-09-11T09:15:00+00:00,99139.0413
2026-09-11T09:30:00+00:00,99139.0413
2026-09-11T09:45:00+00:00,99139.0413
